"from";"to";"date_posix";"length"
"PE-00892";"PE-00909";2020-06-09 05:49:00;720
"PE-00898";"PE-00897";2020-06-09 05:45:00;90
"PE-00900";"PE-00896";2020-06-09 05:45:00;840
"PA-00482";"PE-00900";2020-06-09 06:00:30;150
"PA-00485";"PE-00893";2020-06-09 06:00:30;390
"PA-00481";"PE-00910";2020-06-09 06:01:00;300
"PA-00482";"PE-00896";2020-06-09 06:03:00;1620
"PE-00900";"PA-00482";2020-06-09 06:03:30;2880
"PE-00895";"PE-00903";2020-06-09 06:06:30;1110
"PE-00903";"PE-00895";2020-06-09 06:09:00;240
"PA-00486";"PE-00895";2020-06-09 06:11:00;1200
"PA-00487";"PE-00909";2020-06-09 06:12:00;900
"PE-00901";"PE-00897";2020-06-09 06:13:30;870
"PE-00897";"PE-00898";2020-06-09 06:14:30;480
"PE-00911";"PE-00898";2020-06-09 06:17:00;330
"PE-00897";"PE-00903";2020-06-09 06:17:30;240
"PE-00911";"PE-00897";2020-06-09 06:18:00;480
"PA-00486";"PE-00903";2020-06-09 06:21:30;600
"PE-00924";"PE-00912";2020-06-09 06:31:00;300
"PA-00478";"PE-00908";2020-06-09 06:22:30;270
"PE-00897";"PE-00925";2020-06-09 06:25:00;90
"PA-00477";"PE-00900";2020-06-09 06:23:00;480
"PE-00895";"PE-00892";2020-06-09 06:25:30;840
"PE-00912";"PE-00924";2020-06-09 06:31:00;180
"PA-00480";"PE-00893";2020-06-09 06:28:30;450
"PA-00484";"PE-00911";2020-06-09 06:28:30;2040
"PE-00901";"PE-00909";2020-06-09 06:29:00;60
"PE-00911";"PE-00895";2020-06-09 06:29:30;480
"PE-00892";"PE-00896";2020-06-09 06:31:00;540
"PE-00895";"PE-00926";2020-06-09 06:34:00;30
"PE-00913";"PE-00910";2020-06-09 06:43:00;1290
"PE-00910";"PE-00892";2020-06-09 06:34:30;180
"PA-00484";"PE-00894";2020-06-09 06:35:30;2100
"PE-00929";"PE-00925";2020-06-09 06:41:00;480
"PE-00908";"PE-00909";2020-06-09 06:36:00;360
"PE-00929";"PE-00902";2020-06-09 06:50:00;240
"PE-00910";"PE-00893";2020-06-09 06:37:30;450
"PA-00484";"PE-00892";2020-06-09 06:38:00;540
"PE-00929";"PE-00912";2020-06-09 06:41:00;300
"PE-00893";"PA-00485";2020-06-09 06:40:30;1080
"PE-00925";"PE-00905";2020-06-09 06:41:30;600
"PA-00477";"PE-00913";2020-06-09 06:43:00;780
"PE-00913";"PE-00928";2020-06-09 06:43:30;300
"PE-00913";"PE-00898";2020-06-09 06:45:00;150
"PE-00922";"PE-00924";2020-06-09 06:57:00;120
"PE-00893";"PA-00478";2020-06-09 06:46:00;780
"PE-00916";"PE-00891";2020-06-09 06:54:00;960
"PE-00911";"PA-00477";2020-06-09 06:46:00;1110
"PE-00928";"PE-00930";2020-06-09 06:46:00;990
"PA-00486";"PE-00916";2020-06-09 06:54:00;570
"PE-00928";"PE-00924";2020-06-09 06:48:00;450
"PA-00478";"PE-00900";2020-06-09 06:49:00;1770
"PA-00481";"PE-00917";2020-06-09 06:56:00;480
"PE-00920";"PE-00922";2020-06-09 06:57:00;330
"PE-00891";"PE-00902";2020-06-09 06:52:00;120
"PE-00902";"PE-00915";2020-06-09 06:54:00;60
"PE-00916";"PA-00483";2020-06-09 06:54:00;450
"PE-00918";"PE-00921";2020-06-09 06:57:00;90
"PE-00893";"PE-00896";2020-06-09 06:54:30;360
"PE-00917";"PE-00925";2020-06-09 06:56:00;60
"PA-00477";"PE-00891";2020-06-09 06:55:00;2340
"PE-00901";"PA-00477";2020-06-09 06:56:00;990
"PE-00892";"PA-00483";2020-06-09 06:57:00;630
"PE-00919";"PE-00902";2020-06-09 06:57:30;150
"PE-00900";"PE-00910";2020-06-09 06:59:00;540
"PE-00919";"PE-00924";2020-06-09 06:59:30;1290
"PE-00900";"PE-00891";2020-06-09 07:00:00;150
"PE-00910";"PE-00919";2020-06-09 07:00:00;180
"PE-00924";"PE-00912";2020-06-09 07:01:00;120
"PE-00891";"PE-00910";2020-06-09 07:02:00;510
"PE-00926";"PE-00905";2020-06-09 07:02:00;570
"PE-00915";"PE-00893";2020-06-09 07:03:00;360
"PE-00896";"PE-00918";2020-06-09 07:03:30;60
"PE-00896";"PA-00482";2020-06-09 07:03:30;1650
"PE-00909";"PE-00892";2020-06-09 07:04:00;30
"PA-00481";"PE-00930";2020-06-09 07:04:00;150
"PA-00485";"PE-00893";2020-06-09 07:04:00;480
"PE-00896";"PE-00916";2020-06-09 07:04:30;120
"PE-00894";"PE-00911";2020-06-09 07:05:00;60
"PE-00895";"PE-00913";2020-06-09 07:05:00;240
"PE-00926";"PE-00920";2020-06-09 07:05:00;330
"PE-00916";"PE-00896";2020-06-09 07:06:00;330
"PE-00892";"PE-00894";2020-06-09 07:06:30;90
"PE-00908";"PE-00899";2020-06-09 07:06:30;1050
"PE-00911";"PE-00892";2020-06-09 07:06:30;630
"PE-00932";"PE-00891";2020-06-09 07:52:00;2700
"PE-00922";"PE-00925";2020-06-09 07:07:30;660
"PA-00489";"PE-00917";2020-06-09 07:07:30;1680
"PE-00905";"PE-00929";2020-06-09 07:08:00;90
"PA-00485";"PE-00910";2020-06-09 07:08:00;210
"PE-00930";"PE-00927";2020-06-09 07:08:00;360
"PE-00897";"PE-00913";2020-06-09 07:08:30;60
"PE-00905";"PE-00925";2020-06-09 07:08:30;330
"PE-00916";"PE-00891";2020-06-09 07:09:30;600
"PE-00912";"PE-00910";2020-06-09 07:10:00;60
"PE-00927";"PE-00920";2020-06-09 07:10:30;210
"PE-00897";"PE-00925";2020-06-09 07:11:30;720
"PE-00925";"PE-00916";2020-06-09 07:11:30;90
"PE-00930";"PE-00924";2020-06-09 07:12:30;210
"PE-00909";"PE-00908";2020-06-09 07:13:00;300
"PE-00891";"PE-00916";2020-06-09 07:14:00;150
"PE-00891";"PA-00477";2020-06-09 07:14:00;390
"PE-00922";"PE-00896";2020-06-09 07:15:00;90
"PE-00898";"PE-00928";2020-06-09 07:15:30;690
"PE-00920";"PE-00918";2020-06-09 07:16:30;450
"PE-00900";"PE-00901";2020-06-09 07:17:00;450
"PE-00901";"PE-00897";2020-06-09 07:18:30;210
"PA-00480";"PE-00893";2020-06-09 07:19:00;240
"PE-00908";"PE-00897";2020-06-09 07:19:30;120
"PE-00921";"PE-00918";2020-06-09 07:19:30;420
"PE-00899";"PE-00908";2020-06-09 07:20:00;660
"PE-00926";"PE-00929";2020-06-09 07:20:30;870
"PE-00917";"PE-00911";2020-06-09 07:21:30;90
"PE-00925";"PE-00918";2020-06-09 07:22:30;90
"PE-00893";"PE-00900";2020-06-09 07:23:00;1140
"PA-00488";"PE-00897";2020-06-09 07:23:00;510
"PE-00912";"PE-00928";2020-06-09 07:23:30;240
"PA-00490";"PE-00912";2020-06-09 07:23:30;240
"PE-00893";"PE-00915";2020-06-09 07:25:00;360
"PE-00901";"PE-00911";2020-06-09 07:26:30;750
"PE-00891";"PE-00895";2020-06-09 07:27:00;150
"PE-00896";"PE-00893";2020-06-09 07:30:00;90
"PE-00908";"PE-00893";2020-06-09 07:30:30;660
"PA-00487";"PE-00927";2020-06-09 07:30:30;2340
"PE-00921";"PE-00926";2020-06-09 07:30:30;60
"PE-00920";"PE-00927";2020-06-09 07:31:00;120
"PA-00488";"PE-00912";2020-06-09 07:32:00;270
"PE-00908";"PE-00909";2020-06-09 07:32:30;330
"PE-00895";"PE-00926";2020-06-09 07:33:30;240
"PA-00486";"PE-00912";2020-06-09 07:33:30;420
"PA-00477";"PE-00928";2020-06-09 07:35:00;660
"PE-00901";"PE-00913";2020-06-09 07:35:00;270
"PA-00480";"PE-00894";2020-06-09 07:36:00;1050
"PA-00480";"PE-00920";2020-06-09 07:38:00;300
"PE-00930";"PE-00919";2020-06-09 07:39:00;3510
"PA-00478";"PE-00893";2020-06-09 07:39:30;270
"PE-00897";"PA-00487";2020-06-09 07:40:00;150
"PE-00908";"PE-00917";2020-06-09 07:40:30;1290
"PE-00908";"PE-00892";2020-06-09 07:41:00;900
"PA-00487";"PE-00928";2020-06-09 07:41:00;1440
"PE-00909";"PE-00901";2020-06-09 07:41:30;300
"PE-00915";"PE-00892";2020-06-09 07:42:00;150
"PE-00901";"PA-00477";2020-06-09 07:42:00;240
"PE-00916";"PA-00487";2020-06-09 07:42:30;240
"PE-00916";"PE-00917";2020-06-09 07:43:00;600
"PE-00910";"PA-00481";2020-06-09 07:43:00;1020
"PE-00892";"PE-00911";2020-06-09 07:43:30;390
"PE-00909";"PA-00482";2020-06-09 07:44:00;600
"PE-00917";"PE-00925";2020-06-09 07:45:00;1500
"PA-00485";"PE-00918";2020-06-09 07:45:00;390
"PE-00898";"PE-00897";2020-06-09 07:45:30;240
"PA-00489";"PE-00922";2020-06-09 07:45:30;1950
"PE-00900";"PA-00487";2020-06-09 07:46:00;1980
"PA-00479";"PE-00915";2020-06-09 07:46:30;1110
"PA-00490";"PE-00924";2020-06-09 07:46:30;630
"PE-00901";"PA-00478";2020-06-09 07:47:00;450
"PE-00910";"PE-00911";2020-06-09 07:47:30;1170
"PA-00478";"PE-00929";2020-06-09 07:48:00;660
"PE-00920";"PE-00922";2020-06-09 07:49:30;2100
"PE-00920";"PE-00926";2020-06-09 07:49:30;180
"PE-00900";"PE-00911";2020-06-09 07:50:00;120
"PA-00481";"PE-00917";2020-06-09 07:50:30;120
"PE-00901";"PE-00920";2020-06-09 07:51:30;330
"PE-00891";"PE-00900";2020-06-09 07:52:00;240
"PE-00917";"PE-00913";2020-06-09 07:52:00;480
"PE-00917";"PE-00899";2020-06-09 07:52:30;30
"PE-00917";"PE-00901";2020-06-09 07:53:30;150
"PE-00908";"PE-00928";2020-06-09 07:54:00;90
"PE-00916";"PE-00924";2020-06-09 07:55:00;60
"PA-00477";"PE-00925";2020-06-09 07:55:30;510
"PE-00927";"PE-00922";2020-06-09 07:55:30;360
"PE-00927";"PE-00929";2020-06-09 07:56:00;300
"PA-00486";"PE-00895";2020-06-09 07:56:30;150
"PE-00917";"PE-00897";2020-06-09 07:57:00;2190
"PE-00897";"PE-00918";2020-06-09 07:58:30;270
"PE-00894";"PE-00891";2020-06-09 08:00:00;270
"PE-00932";"PE-00891";2020-06-09 08:00:30;360
"PE-00910";"PE-00909";2020-06-09 08:01:00;1470
"PA-00482";"PE-00896";2020-06-09 08:02:00;1170
"PE-00901";"PE-00916";2020-06-09 08:02:30;300
"PE-00901";"PE-00920";2020-06-09 08:03:30;210
"PE-00892";"PE-00913";2020-06-09 08:04:00;120
"PE-00915";"PE-00924";2020-06-09 08:04:00;60
"PE-00899";"PE-00928";2020-06-09 08:04:00;90
"PE-00901";"PE-00891";2020-06-09 08:04:00;60
"PA-00490";"PE-00924";2020-06-09 08:04:30;660
"PE-00896";"PE-00894";2020-06-09 08:05:00;300
"PE-00919";"PE-00917";2020-06-09 08:05:00;150
"PE-00895";"PE-00892";2020-06-09 08:06:00;300
"PE-00899";"PA-00480";2020-06-09 08:06:00;720
"PE-00895";"PE-00893";2020-06-09 08:06:30;300
"PE-00913";"PE-00892";2020-06-09 08:06:30;180
"PA-00487";"PE-00927";2020-06-09 08:06:30;1590
"PE-00923";"PE-00913";2020-06-09 08:06:30;90
"PE-00899";"PE-00917";2020-06-09 08:07:30;150
"PE-00891";"PE-00916";2020-06-09 08:08:00;330
"PA-00478";"PE-00929";2020-06-09 08:09:30;330
"PA-00478";"PE-00893";2020-06-09 08:10:00;630
"PE-00930";"PA-00490";2020-06-09 08:10:30;1350
"PE-00917";"PE-00894";2020-06-09 08:11:00;3120
"PE-00915";"PE-00929";2020-06-09 08:11:30;150
"PE-00896";"PE-00893";2020-06-09 08:12:00;210
"PE-00898";"PE-00915";2020-06-09 08:12:30;270
"PA-00490";"PE-00925";2020-06-09 08:12:30;450
"PE-00893";"PE-00892";2020-06-09 08:14:00;90
"PE-00913";"PE-00917";2020-06-09 08:14:30;210
"PE-00896";"PE-00901";2020-06-09 08:16:00;270
"PE-00917";"PE-00897";2020-06-09 08:16:30;90
"PE-00915";"PE-00891";2020-06-09 08:16:30;120
"PE-00892";"PE-00915";2020-06-09 08:17:00;330
"PE-00893";"PA-00478";2020-06-09 08:17:00;360
"PE-00919";"PE-00924";2020-06-09 08:17:00;420
"PE-00922";"PE-00920";2020-06-09 08:17:00;720
"PE-00891";"PA-00479";2020-06-09 08:18:30;780
"PE-00923";"PE-00926";2020-06-09 08:19:00;1020
"PE-00932";"PE-00925";2020-06-09 08:19:00;90
"PA-00482";"PE-00894";2020-06-09 08:20:30;510
"PE-00918";"PE-00921";2020-06-09 08:21:00;2460
"PE-00900";"PE-00891";2020-06-09 08:22:00;810
"PA-00479";"PE-00891";2020-06-09 08:22:30;330
"PE-00895";"PE-00891";2020-06-09 08:23:00;270
"PE-00917";"PE-00899";2020-06-09 08:23:00;1470
"PE-00917";"PE-00898";2020-06-09 08:24:00;900
"PE-00901";"PE-00908";2020-06-09 08:25:30;120
"PE-00909";"PE-00917";2020-06-09 08:25:30;180
"PE-00915";"PE-00921";2020-06-09 08:27:00;150
"PE-00896";"PA-00482";2020-06-09 08:29:30;1080
"PE-00912";"PE-00929";2020-06-09 08:29:30;750
"PE-00895";"PE-00898";2020-06-09 08:30:00;330
"PE-00916";"PE-00924";2020-06-09 08:30:30;60
"PE-00917";"PE-00896";2020-06-09 08:32:30;540
"PE-00916";"PE-00898";2020-06-09 08:33:00;210
"PE-00917";"PE-00913";2020-06-09 08:33:30;270
"PE-00917";"PE-00901";2020-06-09 08:34:00;450
"PE-00908";"PA-00481";2020-06-09 08:34:30;120
"PE-00915";"PE-00899";2020-06-09 08:36:00;90
"PE-00910";"PE-00892";2020-06-09 08:36:00;60
"PE-00921";"PE-00926";2020-06-09 08:36:00;2910
"PE-00898";"PE-00897";2020-06-09 08:36:30;120
"PE-00908";"PE-00899";2020-06-09 08:37:30;480
"PE-00891";"PE-00920";2020-06-09 08:38:00;60
"PE-00892";"PE-00894";2020-06-09 08:38:30;420
"PE-00899";"PE-00912";2020-06-09 08:39:30;90
"PE-00932";"PE-00926";2020-06-09 08:39:30;150
"PE-00923";"PE-00918";2020-06-09 08:40:00;90
"PE-00926";"PA-00486";2020-06-09 08:40:30;4320
"PE-00896";"PE-00892";2020-06-09 08:41:00;90
"PA-00487";"PE-00923";2020-06-09 08:41:00;810
"PE-00913";"PE-00923";2020-06-09 08:42:00;90
"PA-00484";"PE-00899";2020-06-09 08:42:00;450
"PE-00924";"PE-00897";2020-06-09 08:42:00;90
"PE-00894";"PE-00917";2020-06-09 08:42:30;90
"PE-00911";"PA-00485";2020-06-09 08:42:30;360
"PE-00919";"PE-00922";2020-06-09 08:42:30;1110
"PE-00924";"PA-00490";2020-06-09 08:43:00;630
"PE-00929";"PE-00892";2020-06-09 08:44:00;60
"PE-00926";"PE-00925";2020-06-09 08:46:30;780
"PA-00480";"PE-00920";2020-06-09 08:47:00;480
"PE-00895";"PE-00916";2020-06-09 08:48:30;450
"PE-00917";"PE-00916";2020-06-09 08:48:30;60
"PE-00899";"PA-00481";2020-06-09 08:48:30;450
"PA-00480";"PE-00919";2020-06-09 08:48:30;990
"PA-00487";"PE-00932";2020-06-09 08:49:00;330
"PE-00915";"PE-00909";2020-06-09 08:50:00;300
"PE-00912";"PE-00924";2020-06-09 08:51:00;450
"PE-00893";"PE-00898";2020-06-09 08:53:00;300
"PE-00915";"PE-00895";2020-06-09 08:54:00;90
"PE-00916";"PA-00486";2020-06-09 08:55:30;840
"PE-00910";"PE-00891";2020-06-09 08:55:30;210
"PE-00909";"PE-00913";2020-06-09 08:56:00;210
"PA-00486";"PE-00912";2020-06-09 08:56:00;450
"PE-00900";"PE-00932";2020-06-09 08:56:30;510
"PA-00480";"PE-00893";2020-06-09 08:56:30;450
"PE-00932";"PE-00920";2020-06-09 08:56:30;30
"PE-00911";"PE-00920";2020-06-09 08:57:00;240
"PE-00913";"PE-00916";2020-06-09 08:58:30;150
"PA-00482";"PE-00913";2020-06-09 08:59:30;210
"PE-00896";"PE-00893";2020-06-09 09:00:00;2160
"PE-00916";"PE-00926";2020-06-09 09:00:00;3180
"PE-00920";"PE-00922";2020-06-09 09:00:30;3240
"PE-00900";"PE-00891";2020-06-09 09:01:00;210
"PA-00485";"PE-00916";2020-06-09 09:01:00;1470
"PE-00909";"PA-00482";2020-06-09 09:01:30;420
"PE-00924";"PA-00480";2020-06-09 09:02:00;60
"PE-00892";"PE-00894";2020-06-09 09:03:30;900
"PE-00893";"PA-00479";2020-06-09 09:05:30;480
"PE-00921";"PE-00930";2020-06-09 09:05:30;630
"PE-00927";"PE-00920";2020-06-09 09:06:00;210
"PE-00916";"PA-00483";2020-06-09 09:06:30;1020
"PE-00913";"PA-00490";2020-06-09 09:07:30;150
"PE-00903";"PE-00896";2020-06-09 09:07:30;270
"PE-00893";"PE-00892";2020-06-09 09:08:00;90
"PE-00910";"PE-00898";2020-06-09 09:08:00;150
"PE-00918";"PE-00921";2020-06-09 09:08:00;240
"PE-00893";"PA-00478";2020-06-09 09:08:30;210
"PE-00894";"PE-00924";2020-06-09 09:09:30;180
"PE-00900";"PE-00920";2020-06-09 09:09:30;120
"PA-00487";"PE-00927";2020-06-09 09:09:30;270
"PE-00895";"PE-00891";2020-06-09 09:10:00;3270
"PE-00909";"PE-00898";2020-06-09 09:10:30;240
"PE-00926";"PE-00904";2020-06-09 09:11:00;990
"PE-00903";"PA-00486";2020-06-09 09:13:00;120
"PE-00895";"PE-00922";2020-06-09 09:13:30;60
"PE-00898";"PE-00893";2020-06-09 09:13:30;510
"PA-00487";"PE-00892";2020-06-09 09:14:00;930
"PE-00927";"PE-00904";2020-06-09 09:15:00;810
"PE-00916";"PE-00920";2020-06-09 09:16:30;30
"PE-00930";"PE-00919";2020-06-09 09:17:30;540
"PE-00924";"PE-00916";2020-06-09 09:18:00;7320
"PE-00901";"PE-00920";2020-06-09 09:18:30;120
"PE-00918";"PE-00904";2020-06-09 09:19:30;360
"PE-00895";"PA-00489";2020-06-09 09:20:00;150
"PE-00903";"PE-00897";2020-06-09 09:20:30;300
"PE-00893";"PA-00484";2020-06-09 09:21:00;3300
"PE-00908";"PA-00478";2020-06-09 09:22:00;150
"PE-00932";"PE-00924";2020-06-09 09:22:30;2910
"PE-00908";"PE-00922";2020-06-09 09:23:30;90
"PE-00926";"PE-00927";2020-06-09 09:23:30;2340
"PE-00924";"PE-00918";2020-06-09 09:25:00;2610
"PE-00901";"PE-00891";2020-06-09 09:26:00;1290
"PE-00924";"PE-00925";2020-06-09 09:26:00;150
"PE-00892";"PA-00487";2020-06-09 09:27:00;510
"PA-00480";"PE-00894";2020-06-09 09:27:30;630
"PE-00916";"PE-00912";2020-06-09 09:28:30;540
"PE-00928";"PE-00912";2020-06-09 09:28:30;630
"PE-00904";"PE-00924";2020-06-09 09:29:00;240
"PE-00930";"PE-00918";2020-06-09 09:29:00;750
"PE-00904";"PE-00918";2020-06-09 09:30:00;150
"PE-00918";"PE-00909";2020-06-09 09:30:00;780
"PE-00896";"PE-00922";2020-06-09 09:33:00;330
"PE-00892";"PE-00916";2020-06-09 09:33:30;570
"PE-00893";"PE-00896";2020-06-09 09:34:30;1200
"PA-00485";"PE-00918";2020-06-09 09:35:00;960
"PA-00489";"PE-00916";2020-06-09 09:35:30;270
"PA-00480";"PE-00893";2020-06-09 09:37:30;6330
"PE-00903";"PE-00909";2020-06-09 09:40:00;870
"PE-00916";"PE-00891";2020-06-09 09:40:30;270
"PE-00898";"PE-00897";2020-06-09 09:41:30;180
"PE-00904";"PE-00920";2020-06-09 09:41:30;90
"PE-00909";"PE-00896";2020-06-09 09:42:00;180
"PA-00490";"PE-00893";2020-06-09 09:42:00;630
"PE-00891";"PE-00892";2020-06-09 09:42:30;60
"PE-00904";"PE-00925";2020-06-09 09:42:30;1170
"PE-00908";"PE-00891";2020-06-09 09:42:30;510
"PE-00899";"PE-00891";2020-06-09 09:43:00;30
"PA-00483";"PE-00892";2020-06-09 09:43:00;210
"PE-00930";"PE-00920";2020-06-09 09:43:30;6360
"PE-00932";"PA-00490";2020-06-09 09:44:30;720
"PE-00932";"PA-00479";2020-06-09 09:45:00;1200
"PE-00910";"PE-00891";2020-06-09 09:46:00;150
"PE-00903";"PE-00895";2020-06-09 09:49:00;420
"PE-00892";"PA-00486";2020-06-09 09:49:30;330
"PE-00895";"PE-00926";2020-06-09 09:52:00;30
"PE-00897";"PA-00480";2020-06-09 09:52:00;1020
"PE-00901";"PE-00898";2020-06-09 09:53:00;660
"PE-00897";"PE-00904";2020-06-09 09:56:00;900
"PE-00897";"PE-00918";2020-06-09 09:58:00;720
"PE-00908";"PE-00892";2020-06-09 09:58:00;570
"PE-00895";"PA-00486";2020-06-09 09:59:30;660
"PE-00899";"PA-00480";2020-06-09 10:01:30;300
"PE-00896";"PE-00912";2020-06-09 10:02:00;720
"PE-00909";"PE-00895";2020-06-09 10:02:30;180
"PA-00488";"PE-00897";2020-06-09 10:05:00;60
"PE-00926";"PE-00921";2020-06-09 10:07:00;480
"PE-00903";"PE-00895";2020-06-09 10:07:30;450
"PE-00916";"PE-00932";2020-06-09 10:08:00;570
"PE-00899";"PE-00910";2020-06-09 10:08:00;90
"PE-00892";"PE-00927";2020-06-09 10:10:00;720
"PE-00911";"PE-00920";2020-06-09 10:10:30;210
"PE-00925";"PE-00918";2020-06-09 10:10:30;630
"PE-00898";"PE-00893";2020-06-09 10:11:00;180
"PE-00916";"PE-00909";2020-06-09 10:11:00;870
"PE-00895";"PA-00479";2020-06-09 10:12:30;210
"PE-00895";"PE-00894";2020-06-09 10:13:30;630
"PE-00897";"PE-00913";2020-06-09 10:16:30;90
"PE-00892";"PE-00912";2020-06-09 10:19:00;330
"PE-00915";"PE-00932";2020-06-09 10:20:00;270
"PA-00477";"PE-00891";2020-06-09 10:20:30;420
"PE-00897";"PE-00920";2020-06-09 10:23:00;1260
"PE-00897";"PE-00898";2020-06-09 10:23:00;60
"PE-00921";"PE-00926";2020-06-09 10:24:30;450
"PE-00916";"PE-00891";2020-06-09 10:25:00;930
"PE-00924";"PE-00921";2020-06-09 10:25:00;2520
"PE-00928";"PE-00921";2020-06-09 10:25:00;510
"PE-00894";"PE-00892";2020-06-09 10:29:30;1050
"PE-00928";"PE-00927";2020-06-09 10:30:00;1260
"PE-00896";"PA-00482";2020-06-09 10:30:30;270
"PE-00891";"PA-00481";2020-06-09 10:31:30;630
"PE-00918";"PE-00921";2020-06-09 10:31:30;8430
"PE-00915";"PE-00892";2020-06-09 10:32:00;660
"PE-00909";"PE-00908";2020-06-09 10:33:30;240
"PE-00925";"PE-00912";2020-06-09 10:33:30;870
"PE-00903";"PE-00898";2020-06-09 10:35:30;30
"PA-00482";"PE-00894";2020-06-09 10:35:30;60
"PE-00910";"PE-00915";2020-06-09 10:36:00;960
"PE-00932";"PE-00903";2020-06-09 10:36:00;1260
"PE-00930";"PE-00918";2020-06-09 10:38:00;1230
"PE-00932";"PE-00891";2020-06-09 10:38:00;270
"PE-00927";"PE-00918";2020-06-09 10:38:30;600
"PE-00916";"PE-00896";2020-06-09 10:39:30;570
"PA-00480";"PE-00908";2020-06-09 10:39:30;120
"PE-00897";"PE-00918";2020-06-09 10:41:00;1020
"PE-00928";"PE-00925";2020-06-09 10:41:30;240
"PE-00891";"PE-00896";2020-06-09 10:42:00;510
"PE-00894";"PE-00891";2020-06-09 10:42:30;1320
"PE-00910";"PA-00481";2020-06-09 10:44:30;810
"PE-00895";"PA-00482";2020-06-09 10:45:00;1020
"PE-00915";"PA-00479";2020-06-09 10:45:00;90
"PE-00911";"PE-00892";2020-06-09 10:45:30;930
"PE-00926";"PE-00925";2020-06-09 10:45:30;210
"PA-00481";"PE-00894";2020-06-09 10:46:00;330
"PE-00913";"PE-00912";2020-06-09 10:47:00;630
"PE-00930";"PE-00921";2020-06-09 10:51:00;330
"PE-00892";"PE-00903";2020-06-09 10:51:30;930
"PE-00895";"PE-00928";2020-06-09 10:52:30;1170
"PE-00926";"PE-00920";2020-06-09 10:53:00;660
"PE-00894";"PA-00480";2020-06-09 10:53:30;270
"PE-00909";"PE-00892";2020-06-09 10:53:30;510
"PE-00930";"PE-00927";2020-06-09 10:54:00;2130
"PE-00895";"PE-00909";2020-06-09 10:54:30;120
"PE-00894";"PE-00916";2020-06-09 10:55:00;120
"PE-00901";"PA-00477";2020-06-09 10:55:00;210
"PE-00930";"PE-00924";2020-06-09 10:55:00;1500
"PE-00910";"PA-00480";2020-06-09 10:57:00;360
"PE-00918";"PE-00920";2020-06-09 10:57:30;1440
"PE-00911";"PA-00480";2020-06-09 10:58:30;390
"PE-00899";"PA-00480";2020-06-09 11:00:00;150
"PE-00903";"PA-00487";2020-06-09 11:01:30;150
"PA-00478";"PE-00909";2020-06-09 11:02:30;360
"PE-00908";"PA-00478";2020-06-09 11:02:30;300
"PE-00927";"PE-00892";2020-06-09 11:04:00;240
"PE-00930";"PE-00918";2020-06-09 11:05:00;2640
"PE-00915";"PA-00489";2020-06-09 11:06:30;270
"PE-00892";"PE-00897";2020-06-09 11:07:00;180
"PE-00898";"PA-00478";2020-06-09 11:08:30;300
"PE-00916";"PE-00891";2020-06-09 11:09:30;900
"PA-00478";"PE-00893";2020-06-09 11:11:00;450
"PE-00921";"PE-00919";2020-06-09 11:11:30;630
"PE-00898";"PE-00897";2020-06-09 11:17:00;600
"PE-00910";"PA-00490";2020-06-09 11:17:00;1530
"PE-00928";"PE-00921";2020-06-09 11:17:00;210
"PE-00920";"PE-00918";2020-06-09 11:18:30;180
"PE-00903";"PE-00892";2020-06-09 11:19:00;1350
"PE-00926";"PE-00928";2020-06-09 11:20:30;330
"PE-00928";"PE-00895";2020-06-09 11:21:30;360
"PE-00893";"PE-00891";2020-06-09 11:22:00;510
"PE-00901";"PE-00891";2020-06-09 11:22:30;660
"PE-00897";"PE-00915";2020-06-09 11:23:00;870
"PE-00903";"PA-00486";2020-06-09 11:23:00;690
"PE-00903";"PE-00895";2020-06-09 11:27:00;150
"PA-00478";"PE-00894";2020-06-09 11:29:00;600
"PA-00489";"PE-00903";2020-06-09 11:29:30;1170
"PE-00892";"PE-00893";2020-06-09 11:32:00;1080
"PE-00895";"PE-00910";2020-06-09 11:32:30;300
"PA-00489";"PE-00891";2020-06-09 11:33:00;450
"PE-00913";"PE-00892";2020-06-09 11:33:30;1830
"PE-00926";"PE-00920";2020-06-09 11:33:30;960
"PE-00903";"PE-00897";2020-06-09 11:34:30;240
"PE-00908";"PA-00488";2020-06-09 11:34:30;210
"PE-00898";"PE-00894";2020-06-09 11:37:30;270
"PE-00911";"PE-00892";2020-06-09 11:38:00;1350
"PE-00925";"PE-00918";2020-06-09 11:40:00;810
"PE-00891";"PE-00916";2020-06-09 11:43:00;180
"PE-00893";"PE-00896";2020-06-09 11:43:00;180
"PE-00901";"PE-00915";2020-06-09 11:43:30;510
"PA-00478";"PE-00908";2020-06-09 11:44:30;600
"PA-00480";"PE-00915";2020-06-09 11:45:00;480
"PE-00894";"PE-00892";2020-06-09 11:45:30;1050
"PE-00924";"PE-00920";2020-06-09 11:45:30;300
"PE-00891";"PA-00486";2020-06-09 11:47:30;240
"PE-00901";"PE-00910";2020-06-09 11:48:30;270
"PE-00896";"PA-00488";2020-06-09 11:49:00;540
"PE-00909";"PE-00892";2020-06-09 11:49:30;120
"PE-00891";"PE-00903";2020-06-09 11:50:00;840
"PE-00894";"PE-00909";2020-06-09 11:52:00;450
"PE-00898";"PA-00485";2020-06-09 11:52:00;210
"PA-00478";"PE-00916";2020-06-09 11:52:00;330
"PA-00490";"PE-00926";2020-06-09 11:53:30;30
"PE-00915";"PE-00903";2020-06-09 11:54:00;1230
"PE-00911";"PE-00894";2020-06-09 11:54:30;930
"PE-00928";"PE-00924";2020-06-09 11:54:30;630
"PE-00900";"PA-00484";2020-06-09 11:55:00;120
"PA-00482";"PE-00908";2020-06-09 11:55:00;690
"PA-00489";"PE-00901";2020-06-09 11:55:30;300
"PE-00919";"PE-00918";2020-06-09 11:56:00;720
"PE-00896";"PE-00915";2020-06-09 11:58:30;690
"PE-00908";"PE-00899";2020-06-09 12:01:00;1560
"PA-00489";"PE-00896";2020-06-09 12:01:00;90
"PE-00898";"PE-00893";2020-06-09 12:02:00;210
"PE-00922";"PE-00920";2020-06-09 12:02:30;870
"PE-00901";"PE-00895";2020-06-09 12:03:30;1080
"PE-00908";"PE-00915";2020-06-09 12:05:30;30
"PE-00923";"PE-00928";2020-06-09 12:08:30;60
"PE-00932";"PA-00478";2020-06-09 12:09:30;2370
"PE-00924";"PE-00919";2020-06-09 12:11:00;1530
"PE-00893";"PE-00933";2020-06-09 12:12:30;30
"PE-00925";"PE-00921";2020-06-09 12:13:30;540
"PE-00918";"PE-00897";2020-06-09 12:14:00;360
"PE-00920";"PE-00921";2020-06-09 12:14:00;1440
"PE-00896";"PE-00893";2020-06-09 12:14:30;120
"PE-00900";"PE-00930";2020-06-09 12:17:00;780
"PA-00478";"PE-00893";2020-06-09 12:18:00;1020
"PA-00485";"PE-00893";2020-06-09 12:19:30;150
"PE-00900";"PE-00921";2020-06-09 12:20:30;120
"PE-00928";"PE-00920";2020-06-09 12:20:30;720
"PE-00908";"PE-00932";2020-06-09 12:21:00;270
"PE-00900";"PE-00922";2020-06-09 12:21:30;30
"PE-00922";"PE-00923";2020-06-09 12:21:30;1230
"PE-00930";"PE-00918";2020-06-09 12:21:30;540
"PE-00908";"PA-00485";2020-06-09 12:23:30;570
"PE-00921";"PE-00934";2020-06-09 12:33:00;90
"PE-00932";"PE-00933";2020-06-09 12:23:30;720
"PE-00897";"PE-00896";2020-06-09 12:27:00;1320
"PE-00925";"PE-00922";2020-06-09 12:27:00;450
"PE-00913";"PE-00892";2020-06-09 12:27:30;420
"PE-00913";"PE-00908";2020-06-09 12:28:30;330
"PE-00910";"PE-00926";2020-06-09 12:28:30;300
"PA-00488";"PE-00896";2020-06-09 12:28:30;360
"PE-00910";"PA-00480";2020-06-09 12:31:00;690
"PE-00924";"PE-00918";2020-06-09 12:31:00;90
"PE-00916";"PA-00478";2020-06-09 12:31:30;3600
"PE-00918";"PA-00485";2020-06-09 12:31:30;630
"PA-00486";"PE-00891";2020-06-09 12:32:00;1110
"PE-00925";"PE-00918";2020-06-09 12:33:00;180
"PE-00933";"PE-00893";2020-06-09 12:33:00;600
"PA-00480";"PE-00919";2020-06-09 12:33:30;690
"PA-00480";"PE-00899";2020-06-09 12:33:30;180
"PA-00478";"PE-00932";2020-06-09 12:35:30;60
"PA-00481";"PE-00910";2020-06-09 12:37:00;540
"PE-00909";"PE-00892";2020-06-09 12:37:30;240
"PE-00894";"PE-00891";2020-06-09 12:38:00;390
"PE-00894";"PE-00925";2020-06-09 12:40:00;90
"PA-00480";"PE-00894";2020-06-09 12:42:30;570
"PE-00901";"PE-00893";2020-06-09 12:43:00;150
"PE-00899";"PE-00908";2020-06-09 12:44:00;150
"PE-00901";"PE-00891";2020-06-09 12:45:00;750
"PA-00489";"PE-00891";2020-06-09 12:46:00;360
"PA-00486";"PE-00892";2020-06-09 12:47:00;210
"PE-00898";"PE-00908";2020-06-09 12:47:30;180
"PE-00932";"PE-00893";2020-06-09 12:48:30;870
"PA-00478";"PE-00923";2020-06-09 12:49:30;240
"PE-00928";"PE-00919";2020-06-09 12:51:00;450
"PA-00480";"PE-00893";2020-06-09 12:52:00;420
"PE-00899";"PE-00900";2020-06-09 12:53:00;270
"PE-00925";"PE-00924";2020-06-09 12:54:00;630
"PE-00899";"PE-00916";2020-06-09 12:54:30;240
"PE-00934";"PE-00920";2020-06-09 12:55:30;360
"PE-00927";"PE-00899";2020-06-09 12:56:30;450
"PE-00922";"PE-00919";2020-06-09 12:58:00;2400
"PA-00479";"PE-00920";2020-06-09 13:00:00;1020
"PE-00894";"PE-00897";2020-06-09 13:00:30;240
"PE-00918";"PE-00900";2020-06-09 13:01:30;180
"PA-00485";"PE-00918";2020-06-09 13:02:00;840
"PE-00891";"PA-00483";2020-06-09 13:02:30;540
"PE-00918";"PE-00897";2020-06-09 13:03:00;150
"PE-00892";"PE-00927";2020-06-09 13:04:30;180
"PE-00923";"PE-00913";2020-06-09 13:06:00;150
"PE-00892";"PE-00898";2020-06-09 13:07:00;570
"PE-00909";"PE-00899";2020-06-09 13:07:00;360
"PE-00910";"PE-00897";2020-06-09 13:07:00;180
"PA-00487";"PE-00922";2020-06-09 13:08:00;390
"PE-00925";"PE-00895";2020-06-09 13:08:00;390
"PE-00933";"PE-00892";2020-06-09 13:08:00;480
"PE-00900";"PE-00920";2020-06-09 13:09:00;1020
"PE-00910";"PE-00933";2020-06-09 13:10:00;390
"PA-00485";"PE-00896";2020-06-09 13:10:30;360
"PE-00909";"PE-00891";2020-06-09 13:13:00;630
"PE-00924";"PE-00916";2020-06-09 13:15:30;150
"PE-00921";"PE-00934";2020-06-09 13:16:00;60
"PE-00901";"PE-00893";2020-06-09 13:17:00;390
"PE-00891";"PE-00909";2020-06-09 13:17:30;360
"PE-00894";"PE-00893";2020-06-09 13:19:00;390
"PE-00909";"PE-00922";2020-06-09 13:19:00;390
"PE-00918";"PE-00920";2020-06-09 13:19:00;930
"PE-00913";"PE-00892";2020-06-09 13:19:30;150
"PE-00924";"PE-00919";2020-06-09 13:22:00;2190
"PE-00916";"PE-00900";2020-06-09 13:23:30;2700
"PE-00901";"PE-00897";2020-06-09 13:23:30;390
"PE-00913";"PE-00895";2020-06-09 13:26:30;240
"PE-00916";"PE-00924";2020-06-09 13:28:30;660
"PE-00910";"PE-00891";2020-06-09 13:32:00;1800
"PE-00896";"PE-00899";2020-06-09 13:32:30;210
"PE-00897";"PA-00481";2020-06-09 13:35:00;810
"PE-00901";"PE-00891";2020-06-09 13:35:00;240
"PE-00909";"PE-00921";2020-06-09 13:35:00;450
"PA-00481";"PE-00930";2020-06-09 13:36:30;450
"PE-00899";"PA-00481";2020-06-09 13:37:30;990
"PE-00908";"PE-00927";2020-06-09 13:39:00;300
"PE-00919";"PE-00918";2020-06-09 13:40:00;210
"PE-00893";"PE-00896";2020-06-09 13:40:30;660
"PE-00899";"PE-00927";2020-06-09 13:41:30;450
"PA-00487";"PE-00895";2020-06-09 13:45:00;480
"PE-00915";"PA-00479";2020-06-09 13:46:00;2250
"PE-00896";"PE-00930";2020-06-09 13:47:00;90
"PE-00892";"PE-00921";2020-06-09 13:47:30;450
"PE-00916";"PE-00918";2020-06-09 13:48:00;300
"PA-00483";"PE-00892";2020-06-09 13:48:00;870
"PE-00909";"PE-00930";2020-06-09 13:49:00;450
"PE-00920";"PE-00919";2020-06-09 13:50:00;360
"PE-00909";"PE-00897";2020-06-09 13:51:00;780
"PE-00894";"PA-00485";2020-06-09 13:52:30;600
"PE-00916";"PE-00891";2020-06-09 13:53:30;450
"PA-00488";"PE-00896";2020-06-09 13:56:30;240
"PE-00891";"PE-00894";2020-06-09 13:57:00;270
"PE-00920";"PE-00910";2020-06-09 13:57:00;750
"PE-00923";"PE-00925";2020-06-09 13:57:00;750
"PE-00898";"PA-00488";2020-06-09 13:58:00;930
"PE-00919";"PE-00921";2020-06-09 13:58:00;90
"PE-00924";"PE-00935";2020-06-09 13:59:00;300
"PE-00897";"PE-00918";2020-06-09 14:01:30;660
"PE-00913";"PE-00935";2020-06-09 14:02:00;120
"PE-00892";"PE-00899";2020-06-09 14:02:30;450
"PE-00893";"PE-00896";2020-06-09 14:02:30;150
"PE-00899";"PE-00891";2020-06-09 14:02:30;330
"PE-00901";"PE-00891";2020-06-09 14:02:30;510
"PE-00897";"PE-00928";2020-06-09 14:03:00;90
"PA-00481";"PE-00913";2020-06-09 14:04:00;690
"PA-00483";"PE-00891";2020-06-09 14:05:30;240
"PA-00493";"PE-00909";2020-06-09 14:06:00;300
"PE-00909";"PA-00478";2020-06-09 14:07:30;420
"PE-00915";"PE-00916";2020-06-09 14:08:30;30
"PE-00909";"PE-00893";2020-06-09 14:09:30;1440
"PE-00910";"PE-00892";2020-06-09 14:09:30;240
"PE-00916";"PA-00478";2020-06-09 14:10:00;570
"PE-00918";"PE-00921";2020-06-09 14:10:00;840
"PA-00493";"PE-00900";2020-06-09 14:10:00;630
"PE-00899";"PE-00925";2020-06-09 14:10:30;1140
"PE-00920";"PE-00918";2020-06-09 14:10:30;300
"PE-00913";"PE-00899";2020-06-09 14:11:00;2910
"PE-00891";"PE-00913";2020-06-09 14:13:00;570
"PA-00480";"PE-00919";2020-06-09 14:15:30;390
"PE-00899";"PE-00908";2020-06-09 14:16:00;180
"PE-00921";"PE-00918";2020-06-09 14:16:00;330
"PE-00924";"PE-00919";2020-06-09 14:16:00;510
"PE-00924";"PE-00918";2020-06-09 14:16:00;210
"PE-00892";"PA-00480";2020-06-09 14:19:30;750
"PE-00909";"PA-00479";2020-06-09 14:20:00;1200
"PA-00485";"PE-00893";2020-06-09 14:20:00;2220
"PE-00915";"PA-00479";2020-06-09 14:21:00;330
"PE-00896";"PA-00487";2020-06-09 14:21:30;450
"PE-00928";"PE-00918";2020-06-09 14:21:30;120
"PE-00910";"PE-00893";2020-06-09 14:22:00;150
"PE-00930";"PE-00916";2020-06-09 14:22:00;510
"PA-00483";"PE-00892";2020-06-09 14:23:30;1470
"PA-00478";"PE-00895";2020-06-09 14:24:30;570
"PA-00486";"PE-00925";2020-06-09 14:24:30;210
"PA-00484";"PE-00919";2020-06-09 14:25:00;300
"PE-00916";"PE-00897";2020-06-09 14:26:00;1800
"PE-00916";"PE-00892";2020-06-09 14:26:30;270
"PE-00930";"PE-00925";2020-06-09 14:28:30;1110
"PE-00894";"PA-00478";2020-06-09 14:29:00;360
"PE-00901";"PA-00477";2020-06-09 14:29:30;870
"PA-00484";"PE-00892";2020-06-09 14:29:30;600
"PA-00481";"PE-00930";2020-06-09 14:30:00;1470
"PE-00893";"PE-00928";2020-06-09 14:31:00;210
"PE-00899";"PE-00894";2020-06-09 14:32:00;210
"PE-00920";"PE-00925";2020-06-09 14:32:00;210
"PA-00478";"PE-00893";2020-06-09 14:33:30;240
"PE-00916";"PE-00891";2020-06-09 14:36:00;270
"PE-00891";"PA-00477";2020-06-09 14:36:30;600
"PE-00910";"PE-00908";2020-06-09 14:37:30;420
"PE-00909";"PE-00918";2020-06-09 14:38:00;540
"PE-00892";"PE-00894";2020-06-09 14:38:30;480
"PE-00910";"PE-00891";2020-06-09 14:43:30;90
"PE-00930";"PE-00896";2020-06-09 14:43:30;1380
"PE-00895";"PA-00486";2020-06-09 14:45:00;780
"PE-00898";"PE-00899";2020-06-09 14:45:00;120
"PE-00901";"PE-00892";2020-06-09 14:45:30;360
"PA-00480";"PE-00891";2020-06-09 14:47:30;600
"PE-00909";"PA-00493";2020-06-09 14:48:30;120
"PE-00908";"PE-00891";2020-06-09 14:50:30;300
"PE-00921";"PE-00892";2020-06-09 14:52:30;780
"PE-00892";"PE-00900";2020-06-09 14:53:00;780
"PE-00900";"PE-00894";2020-06-09 14:54:30;180
"PE-00901";"PE-00920";2020-06-09 14:55:30;480
"PE-00930";"PE-00918";2020-06-09 14:55:30;90
"PE-00891";"PE-00897";2020-06-09 14:56:30;390
"PE-00896";"PE-00918";2020-06-09 14:56:30;60
"PE-00916";"PE-00896";2020-06-09 14:56:30;270
"PE-00915";"PA-00486";2020-06-09 14:57:00;570
"PE-00921";"PE-00920";2020-06-09 14:57:00;720
"PE-00899";"PE-00928";2020-06-09 14:58:00;60
"PE-00910";"PE-00896";2020-06-09 14:58:30;90
"PA-00485";"PE-00913";2020-06-09 14:58:30;900
"PE-00921";"PE-00919";2020-06-09 14:59:30;120
"PE-00928";"PE-00915";2020-06-09 14:59:30;870
"PE-00899";"PE-00893";2020-06-09 15:05:30;780
"PE-00908";"PE-00899";2020-06-09 15:06:00;570
"PE-00910";"PE-00891";2020-06-09 15:06:30;180
"PE-00891";"PA-00479";2020-06-09 15:07:00;360
"PE-00898";"PE-00897";2020-06-09 15:10:00;270
"PE-00909";"PE-00900";2020-06-09 15:10:00;210
"PE-00923";"PE-00922";2020-06-09 15:11:00;750
"PE-00899";"PE-00895";2020-06-09 15:11:30;60
"PE-00927";"PE-00920";2020-06-09 15:11:30;360
"PE-00910";"PA-00478";2020-06-09 15:12:30;210
"PE-00898";"PE-00893";2020-06-09 15:14:00;90
"PE-00909";"PE-00891";2020-06-09 15:14:00;270
"PE-00922";"PE-00920";2020-06-09 15:14:30;120
"PE-00896";"PE-00893";2020-06-09 15:15:00;600
"PE-00913";"PE-00923";2020-06-09 15:15:30;270
"PE-00909";"PE-00892";2020-06-09 15:17:00;90
"PA-00488";"PE-00936";2020-06-09 15:17:00;210
"PE-00898";"PE-00892";2020-06-09 15:18:30;840
"PE-00922";"PE-00937";2020-06-09 15:19:00;1020
"PE-00910";"PA-00480";2020-06-09 15:20:30;690
"PA-00479";"PE-00918";2020-06-09 15:22:00;240
"PE-00900";"PE-00915";2020-06-09 15:24:00;780
"PE-00899";"PE-00908";2020-06-09 15:25:00;450
"PE-00930";"PE-00926";2020-06-09 15:27:00;90
"PE-00895";"PE-00891";2020-06-09 15:29:00;510
"PE-00891";"PE-00892";2020-06-09 15:29:30;120
"PE-00900";"PE-00891";2020-06-09 15:29:30;120
"PE-00891";"PE-00916";2020-06-09 15:32:30;90
"PE-00897";"PE-00913";2020-06-09 15:32:30;270
"PE-00925";"PE-00897";2020-06-09 15:36:30;450
"PE-00897";"PE-00898";2020-06-09 15:40:30;30
"PE-00916";"PA-00478";2020-06-09 15:40:30;300
"PE-00893";"PE-00930";2020-06-09 15:41:00;300
"PE-00926";"PE-00920";2020-06-09 15:41:00;120
"PE-00892";"PE-00893";2020-06-09 15:43:00;120
"PE-00897";"PE-00891";2020-06-09 15:45:00;90
"PE-00913";"PE-00893";2020-06-09 15:46:00;630
"PE-00923";"PE-00918";2020-06-09 15:46:00;1470
"PE-00916";"PE-00893";2020-06-09 15:48:30;660
"PE-00891";"PE-00894";2020-06-09 15:50:00;240
"PE-00916";"PA-00480";2020-06-09 15:50:30;750
"PE-00900";"PA-00481";2020-06-09 15:51:00;1440
"PE-00918";"PE-00920";2020-06-09 15:52:00;1110
"PE-00892";"PE-00894";2020-06-09 15:53:30;360
"PE-00908";"PE-00896";2020-06-09 15:53:30;450
"PE-00909";"PE-00895";2020-06-09 15:54:00;150
"PA-00485";"PE-00893";2020-06-09 15:57:30;1380
"PE-00910";"PE-00892";2020-06-09 16:00:00;150
"PE-00896";"PE-00893";2020-06-09 16:00:30;1650
"PA-00493";"PE-00896";2020-06-09 16:01:00;690
"PE-00894";"PE-00925";2020-06-09 16:01:30;900
"PE-00901";"PE-00893";2020-06-09 16:02:30;1590
"PE-00919";"PE-00918";2020-06-09 16:03:30;270
"PE-00920";"PE-00918";2020-06-09 16:05:00;480
"PE-00899";"PE-00908";2020-06-09 16:06:00;60
"PE-00908";"PE-00895";2020-06-09 16:06:30;240
"PE-00891";"PA-00486";2020-06-09 16:08:00;270
"PE-00930";"PE-00922";2020-06-09 16:08:00;2190
"PE-00897";"PE-00899";2020-06-09 16:11:00;270
"PA-00486";"PE-00891";2020-06-09 16:12:00;450
"PE-00893";"PE-00897";2020-06-09 16:12:30;660
"PE-00930";"PE-00891";2020-06-09 16:13:00;780
"PE-00899";"PA-00480";2020-06-09 16:14:00;150
"PE-00899";"PE-00901";2020-06-09 16:14:30;810
"PE-00916";"PE-00891";2020-06-09 16:15:30;270
"PE-00909";"PE-00908";2020-06-09 16:16:00;1620
"PE-00893";"PE-00892";2020-06-09 16:17:00;1170
"PE-00909";"PE-00893";2020-06-09 16:19:30;300
"PE-00913";"PE-00892";2020-06-09 16:23:00;150
"PE-00908";"PA-00478";2020-06-09 16:24:00;1440
"PE-00918";"PE-00897";2020-06-09 16:26:30;300
"PE-00895";"PE-00897";2020-06-09 16:28:00;30
"PE-00893";"PA-00478";2020-06-09 16:29:00;270
"PE-00909";"PE-00925";2020-06-09 16:29:00;240
"PE-00891";"PE-00920";2020-06-09 16:29:30;420
"PE-00892";"PE-00891";2020-06-09 16:29:30;630
"PA-00485";"PE-00893";2020-06-09 16:29:30;510
"PE-00901";"PE-00891";2020-06-09 16:33:00;60
"PE-00909";"PE-00892";2020-06-09 16:34:30;840
"PA-00480";"PE-00895";2020-06-09 16:35:30;690
"PE-00916";"PE-00896";2020-06-09 16:37:00;60
"PE-00901";"PE-00920";2020-06-09 16:37:30;300
"PE-00909";"PE-00894";2020-06-09 16:37:30;120
"PE-00930";"PE-00896";2020-06-09 16:39:00;840
"PE-00896";"PA-00482";2020-06-09 16:40:00;270
"PE-00916";"PE-00922";2020-06-09 16:40:00;330
"PE-00908";"PE-00894";2020-06-09 16:41:00;90
"PE-00910";"PA-00480";2020-06-09 16:41:00;270
"PE-00920";"PE-00912";2020-06-09 16:41:00;390
"PE-00894";"PE-00915";2020-06-09 16:43:00;2070
"PE-00916";"PE-00908";2020-06-09 16:45:00;120
"PE-00908";"PE-00891";2020-06-09 16:45:30;30
"PE-00896";"PA-00493";2020-06-09 16:46:00;90
"PE-00912";"PE-00930";2020-06-09 16:46:00;1590
"PE-00896";"PE-00898";2020-06-09 16:47:00;360
"PE-00894";"PE-00891";2020-06-09 16:47:30;210
"PA-00482";"PE-00894";2020-06-09 16:49:00;630
"PE-00891";"PE-00898";2020-06-09 16:50:00;150
"PE-00893";"PE-00896";2020-06-09 16:50:00;180
"PA-00484";"PE-00892";2020-06-09 16:50:30;300
"PE-00897";"PA-00488";2020-06-09 16:52:30;750
"PE-00909";"PE-00891";2020-06-09 16:54:00;180
"PE-00910";"PE-00891";2020-06-09 16:55:30;330
"PE-00894";"PE-00910";2020-06-09 16:58:00;120
"PE-00940";"PE-00938";2020-06-09 17:01:00;480
"PE-00938";"PE-00891";2020-06-09 17:02:00;30
"PE-00891";"PE-00938";2020-06-09 17:05:00;270
"PE-00941";"PE-00908";2020-06-09 17:07:30;330
"PE-00894";"PA-00492";2020-06-09 17:11:00;30
"PE-00938";"PE-00920";2020-06-09 17:12:30;450
"PE-00891";"PE-00942";2020-06-09 17:14:30;240
"PE-00921";"PE-00939";2020-06-09 17:22:00;60
"PA-00487";"PE-00922";2020-06-09 17:28:00;60
"PE-00938";"PE-00922";2020-06-09 17:29:30;480
"PE-00942";"PE-00945";2020-06-09 17:32:30;660
"PE-00910";"PA-00492";2020-06-09 17:47:30;30
"PE-00938";"PE-00940";2020-06-09 17:48:30;480
"PE-00942";"PE-00947";2020-06-09 17:50:30;120
"PE-00947";"PE-00942";2020-06-09 18:00:30;1380
"PA-00481";"PE-00946";2020-06-09 18:02:00;630
"PE-00948";"PE-00949";2020-06-09 18:06:30;540
"PE-00938";"PE-00939";2020-06-09 18:09:00;1830
"PE-00930";"PE-00941";2020-06-09 18:09:30;30
"PA-00481";"PE-00930";2020-06-09 18:10:00;90
"PA-00482";"PE-00948";2020-06-09 18:10:00;780
"PA-00488";"PE-00945";2020-06-09 18:14:30;3810
"PE-00942";"PE-00947";2020-06-09 18:16:00;300
"PA-00481";"PE-00943";2020-06-09 18:16:30;270
"PA-00480";"PE-00941";2020-06-09 18:19:30;1440
"PA-00492";"PE-00949";2020-06-09 18:19:30;390
"PE-00948";"PE-00946";2020-06-09 18:19:30;390
"PA-00479";"PE-00947";2020-06-09 18:20:00;930
"PE-00947";"PE-00946";2020-06-09 18:25:30;60
"PA-00478";"PE-00948";2020-06-09 18:26:30;810
"PA-00479";"PE-00944";2020-06-09 18:29:30;780
"PA-00492";"PE-00948";2020-06-09 18:31:30;360
"PA-00478";"PE-00930";2020-06-09 18:32:00;60
"PA-00481";"PE-00947";2020-06-09 18:32:00;420
"PE-00942";"PE-00944";2020-06-09 18:37:30;660
"PE-00949";"PE-00950";2020-06-09 18:37:30;450
"PE-00930";"PE-00946";2020-06-09 18:39:00;30
"PA-00492";"PE-00943";2020-06-09 18:40:30;1020
"PE-00945";"PE-00950";2020-06-09 18:41:00;1200
"PA-00482";"PE-00947";2020-06-09 18:42:00;360
"PE-00942";"PE-00943";2020-06-09 18:45:30;360
"PE-00942";"PE-00945";2020-06-09 18:46:00;1110
"PA-00488";"PE-00942";2020-06-09 18:47:00;540
"PE-00942";"PE-00951";2020-06-09 18:47:30;270
"PA-00478";"PE-00950";2020-06-09 18:51:00;600
"PA-00492";"PE-00946";2020-06-09 18:51:00;1260
"PE-00951";"PE-00944";2020-06-09 19:00:00;420
"PE-00948";"PE-00951";2020-06-09 19:00:30;270
"PE-00949";"PE-00944";2020-06-09 19:00:30;3090
"PE-00930";"PE-00938";2020-06-09 19:01:30;1170
"PE-00940";"PE-00938";2020-06-09 19:01:30;1680
"PE-00938";"PE-00947";2020-06-09 19:02:30;240
"PE-00947";"PE-00942";2020-06-09 19:08:00;30
"PA-00480";"PE-00941";2020-06-09 19:10:00;30
"PA-00484";"PE-00946";2020-06-09 19:10:30;270
"PE-00939";"PE-00938";2020-06-09 19:12:30;2130
"PE-00950";"PE-00943";2020-06-09 19:13:00;60
"PE-00943";"PE-00950";2020-06-09 19:14:30;510
"PE-00949";"PE-00947";2020-06-09 19:16:00;150
"PE-00938";"PE-00940";2020-06-09 19:17:30;210
"PE-00946";"PE-00941";2020-06-09 19:18:00;360
"PE-00942";"PE-00941";2020-06-09 19:18:30;390
"PE-00943";"PE-00942";2020-06-09 19:19:30;780
"PE-00944";"PE-00941";2020-06-09 19:29:30;30
"PE-00940";"PE-00945";2020-06-09 19:30:00;270
"PA-00481";"PE-00943";2020-06-09 19:31:00;240
"PA-00485";"PE-00946";2020-06-09 19:33:00;150
"PE-00944";"PE-00951";2020-06-09 19:40:00;510
"PE-00938";"PE-00948";2020-06-09 19:41:00;480
"PE-00939";"PE-00945";2020-06-09 19:43:00;330
"PE-00947";"PE-00948";2020-06-09 19:43:00;120
"PE-00945";"PE-00949";2020-06-09 19:48:00;570
"PE-00951";"PE-00942";2020-06-09 19:48:00;120
"PE-00944";"PE-00949";2020-06-09 19:52:00;300
"PE-00944";"PE-00942";2020-06-09 19:55:00;540
"PE-00930";"PE-00941";2020-06-09 19:56:30;360
"PE-00939";"PE-00946";2020-06-09 19:57:00;450
"PE-00940";"PE-00930";2020-06-09 20:01:30;150
"PE-00945";"PE-00942";2020-06-09 20:01:30;120
"PE-00948";"PE-00941";2020-06-09 20:03:30;390
"PE-00940";"PE-00939";2020-06-09 20:07:00;180
"PE-00948";"PE-00946";2020-06-09 20:07:00;3360
"PE-00944";"PE-00941";2020-06-09 20:09:00;390
"PA-00492";"PE-00944";2020-06-09 20:10:30;120
"PE-00939";"PE-00940";2020-06-09 20:11:30;480
"PE-00939";"PE-00945";2020-06-09 20:11:30;90
"PE-00946";"PE-00949";2020-06-09 20:13:00;240
"PE-00941";"PE-00942";2020-06-09 20:14:30;180
"PA-00485";"PE-00939";2020-06-09 20:16:30;330
"PE-00949";"PE-00942";2020-06-09 20:17:30;2340
"PE-00941";"PE-00944";2020-06-09 20:19:00;930
"PE-00939";"PE-00951";2020-06-09 20:22:00;60
"PA-00479";"PE-00947";2020-06-09 20:22:30;150
"PE-00941";"PE-00943";2020-06-09 20:23:30;960
"PE-00930";"PE-00941";2020-06-09 20:30:00;90
"PE-00943";"PE-00944";2020-06-09 20:31:00;1320
"PA-00478";"PE-00948";2020-06-09 20:32:00;180
"PA-00481";"PE-00948";2020-06-09 20:34:30;30
"PE-00942";"PE-00949";2020-06-09 20:35:00;180
"PE-00940";"PE-00938";2020-06-09 20:36:00;2640
"PE-00945";"PE-00944";2020-06-09 20:40:00;4290
"PE-00941";"PE-00946";2020-06-09 20:41:30;300
"PE-00951";"PE-00946";2020-06-09 20:42:30;570
"PA-00479";"PE-00944";2020-06-09 20:47:00;210
"PE-00930";"PE-00944";2020-06-09 20:47:30;60
"PE-00950";"PE-00943";2020-06-09 20:52:00;300
"PE-00930";"PE-00946";2020-06-09 20:53:00;120
"PE-00947";"PE-00942";2020-06-09 20:53:30;1350
"PE-00930";"PE-00940";2020-06-09 20:54:30;180
"PE-00949";"PE-00943";2020-06-09 20:54:30;150
"PE-00938";"PE-00930";2020-06-09 20:56:30;270
"PE-00938";"PE-00950";2020-06-09 20:57:00;90
"PE-00948";"PE-00947";2020-06-09 20:57:00;900
"PE-00938";"PE-00947";2020-06-09 21:00:00;240
"PE-00946";"PE-00942";2020-06-09 21:00:00;1020
"PA-00484";"PE-00930";2020-06-09 21:01:00;180
"PE-00945";"PE-00942";2020-06-09 21:01:00;600
"PE-00950";"PE-00945";2020-06-09 21:01:30;390
"PE-00946";"PE-00947";2020-06-09 21:04:00;420
"PE-00938";"PE-00948";2020-06-09 21:05:00;180
"PE-00930";"PE-00939";2020-06-09 21:06:00;90
"PE-00940";"PE-00938";2020-06-09 21:08:30;180
"PA-00481";"PE-00938";2020-06-09 21:16:30;210
"PE-00940";"PE-00930";2020-06-09 21:22:30;120
"PE-00950";"PE-00942";2020-06-09 21:23:30;1200
"PE-00948";"PE-00946";2020-06-09 21:26:30;1680
"PE-00947";"PE-00942";2020-06-09 21:28:30;2220
"PE-00940";"PE-00941";2020-06-09 21:34:30;210
"PE-00949";"PE-00941";2020-06-09 21:40:30;180
"PE-00950";"PE-00949";2020-06-09 21:41:00;210
"PE-00946";"PE-00941";2020-06-09 21:42:30;1170
"PE-00942";"PE-00946";2020-06-09 21:43:00;570
"PE-00949";"PE-00942";2020-06-09 21:48:00;210
"PE-00951";"PE-00942";2020-06-09 21:52:00;780
"PA-00485";"PE-00946";2020-06-09 21:53:30;450
"PA-00481";"PE-00946";2020-06-09 21:56:00;570
"PE-00950";"PE-00951";2020-06-09 21:56:00;630
"PE-00940";"PE-00945";2020-06-09 21:57:00;210
"PA-00484";"PE-00946";2020-06-09 21:58:00;750
"PA-00485";"PE-00951";2020-06-09 21:58:00;330
"PE-00941";"PE-00944";2020-06-09 22:01:00;660
"PE-00945";"PE-00948";2020-06-09 22:06:00;300
"PE-00948";"PE-00943";2020-06-09 22:09:30;210
"PA-00492";"PE-00943";2020-06-09 22:10:30;210
"PA-00486";"PE-00944";2020-06-09 22:12:00;480
"PE-00946";"PE-00941";2020-06-09 22:12:30;690
"PA-00485";"PE-00948";2020-06-09 22:15:00;1470
"PE-00942";"PE-00947";2020-06-09 22:15:30;150
"PA-00479";"PE-00944";2020-06-09 22:16:30;780
"PE-00943";"PE-00942";2020-06-09 22:16:30;1110
"PE-00951";"PE-00942";2020-06-09 22:17:00;1200
"PE-00944";"PE-00950";2020-06-09 22:19:30;930
"PE-00948";"PE-00950";2020-06-09 22:20:30;840
"PE-00942";"PE-00948";2020-06-09 22:23:00;120
"PA-00485";"PE-00941";2020-06-09 22:24:00;300
"PA-00487";"PE-00950";2020-06-09 22:26:00;540
"PA-00488";"PE-00942";2020-06-09 22:26:30;120
"PA-00479";"PE-00949";2020-06-09 22:27:00;420
"PA-00478";"PE-00948";2020-06-09 22:29:00;900
"PE-00944";"PE-00948";2020-06-09 22:29:00;480
"PA-00481";"PE-00946";2020-06-09 22:30:30;540
"PA-00481";"PE-00942";2020-06-09 22:32:00;210
"PE-00944";"PE-00946";2020-06-09 22:32:00;300
"PE-00946";"PE-00943";2020-06-09 22:32:00;690
"PA-00480";"PE-00945";2020-06-09 22:34:00;780
"PA-00477";"PE-00944";2020-06-09 22:37:00;270
"PA-00481";"PE-00943";2020-06-09 22:40:30;480
"PE-00943";"PE-00945";2020-06-09 22:40:30;630
"PE-00945";"PE-00942";2020-06-09 22:45:00;420
"PA-00484";"PE-00949";2020-06-09 22:45:30;510
"PE-00938";"PE-00945";2020-06-09 22:48:00;180
"PA-00492";"PE-00942";2020-06-09 22:49:00;360
"PA-00485";"PE-00951";2020-06-09 22:49:30;630
"PA-00487";"PE-00947";2020-06-09 22:51:30;270
"PE-00945";"PE-00941";2020-06-09 22:51:30;1080
"PA-00484";"PE-00941";2020-06-09 22:52:30;330
"PA-00485";"PE-00946";2020-06-09 22:52:30;1920
"PE-00950";"PE-00943";2020-06-09 22:56:00;120
"PA-00492";"PE-00944";2020-06-09 22:58:30;900
"PE-00945";"PE-00941";2020-06-09 23:01:30;120
"PE-00951";"PE-00942";2020-06-09 23:04:00;30
"PE-00943";"PE-00941";2020-06-09 23:05:30;60
"PA-00492";"PE-00942";2020-06-09 23:09:00;120
"PE-00950";"PE-00947";2020-06-09 23:11:30;180
"PA-00478";"PE-00951";2020-06-09 23:13:00;360
"PA-00485";"PE-00946";2020-06-09 23:13:00;150
"PA-00481";"PE-00943";2020-06-09 23:14:00;450
"PE-00947";"PE-00942";2020-06-09 23:15:30;30
"PE-00950";"PE-00942";2020-06-09 23:15:30;120
"PA-00478";"PE-00948";2020-06-09 23:18:00;390
"PA-00478";"PE-00950";2020-06-09 23:19:30;90
"PA-00492";"PE-00951";2020-06-09 23:24:30;630
"PA-00480";"PE-00943";2020-06-09 23:25:00;180
"PA-00488";"PE-00941";2020-06-09 23:34:30;150
"PA-00479";"PE-00946";2020-06-09 23:37:30;90
"PE-00941";"PE-00942";2020-06-09 23:48:00;60
"PE-00945";"PE-00942";2020-06-09 23:49:00;330
"PA-00481";"PE-00950";2020-06-09 23:50:30;30
"PA-00489";"PE-00941";2020-06-09 23:54:30;150
"PE-00948";"PE-00941";2020-06-10 01:01:00;1200
"PA-00485";"PE-00941";2020-06-10 01:17:00;240
"PE-00944";"PE-00941";2020-06-10 01:18:30;1020
"PE-00944";"PE-00943";2020-06-10 01:21:00;720
"PE-00941";"PE-00944";2020-06-10 01:27:00;570
"PE-00941";"PE-00948";2020-06-10 01:29:30;540
"PA-00485";"PE-00950";2020-06-10 01:30:00;300
"PE-00941";"PE-00943";2020-06-10 01:30:00;120
"PE-00943";"PE-00950";2020-06-10 01:46:00;1170
"PE-00948";"PE-00943";2020-06-10 01:53:00;210
"PA-00484";"PE-00943";2020-06-10 01:57:00;2880
"PA-00478";"PE-00941";2020-06-10 01:58:30;720
"PA-00481";"PE-00951";2020-06-10 02:33:00;450
"PE-00948";"PE-00941";2020-06-10 02:33:30;990
"PE-00945";"PE-00941";2020-06-10 02:35:00;390
"PE-00944";"PE-00941";2020-06-10 02:44:30;450
"PE-00950";"PE-00945";2020-06-10 02:47:30;330
"PE-00950";"PE-00944";2020-06-10 02:49:30;150
"PA-00480";"PE-00941";2020-06-10 02:55:00;630
"PA-00484";"PE-00950";2020-06-10 03:32:00;1680
"PA-00480";"PE-00941";2020-06-10 03:51:00;150
"PA-00489";"PE-00946";2020-06-10 04:04:30;450
"PA-00492";"PE-00943";2020-06-10 04:05:00;660
"PE-00943";"PE-00941";2020-06-10 04:06:30;120
"PE-00947";"PE-00942";2020-06-10 04:06:30;330
"PE-00943";"PE-00942";2020-06-10 04:08:30;810
"PA-00484";"PE-00946";2020-06-10 04:09:00;240
"PE-00950";"PE-00946";2020-06-10 04:09:30;1380
"PE-00941";"PE-00950";2020-06-10 04:11:30;720
"PE-00942";"PE-00941";2020-06-10 04:12:00;450
"PE-00945";"PE-00942";2020-06-10 04:12:00;60
"PE-00951";"PE-00943";2020-06-10 04:19:30;600
"PA-00477";"PE-00944";2020-06-10 04:20:00;720
"PA-00480";"PE-00941";2020-06-10 04:23:00;390
"PA-00478";"PE-00949";2020-06-10 04:23:30;570
"PA-00482";"PE-00947";2020-06-10 04:24:30;660
"PE-00944";"PE-00947";2020-06-10 04:24:30;450
"PE-00941";"PE-00944";2020-06-10 04:28:00;1860
"PE-00938";"PE-00945";2020-06-10 04:28:30;360
"PA-00489";"PE-00941";2020-06-10 04:29:00;240
"PE-00942";"PE-00943";2020-06-10 04:29:00;480
"PA-00484";"PE-00947";2020-06-10 04:30:30;990
"PE-00943";"PE-00951";2020-06-10 04:30:30;120
"PA-00484";"PE-00941";2020-06-10 04:31:00;240
"PA-00485";"PE-00949";2020-06-10 04:32:00;900
"PA-00489";"PE-00951";2020-06-10 04:33:00;510
"PE-00941";"PE-00942";2020-06-10 04:34:00;90
"PE-00948";"PE-00941";2020-06-10 04:39:30;420
"PE-00949";"PE-00951";2020-06-10 04:39:30;510
"PA-00485";"PE-00941";2020-06-10 04:40:30;240
"PE-00938";"PE-00944";2020-06-10 04:42:00;300
"PE-00949";"PE-00942";2020-06-10 04:42:30;1680
"PA-00492";"PE-00942";2020-06-10 04:45:00;870
"PE-00941";"PE-00943";2020-06-10 04:46:00;330
"PA-00484";"PE-00948";2020-06-10 04:49:00;660
"PE-00951";"PE-00942";2020-06-10 04:50:30;450
"PE-00950";"PE-00942";2020-06-10 04:51:00;240
"PA-00481";"PE-00938";2020-06-10 04:54:30;600
"PA-00479";"PE-00945";2020-06-10 04:56:30;270
"PE-00938";"PE-00947";2020-06-10 04:57:30;330
"PA-00479";"PE-00944";2020-06-10 04:58:00;420
"PA-00478";"PE-00948";2020-06-10 04:59:30;270
"PE-00938";"PE-00949";2020-06-10 04:59:30;210
"PE-00958";"PA-00487";2020-06-10 05:30:00;1080
"PE-00943";"PE-00898";2020-06-10 05:16:30;90
"PE-00953";"PA-00487";2020-06-10 05:18:30;1230
"PE-00953";"PE-00898";2020-06-10 05:25:30;120
"PA-00487";"PE-00916";2020-06-10 05:32:00;1020
"PE-00967";"PE-00953";2020-06-10 05:33:00;300
"PE-00967";"PE-00943";2020-06-10 05:34:30;390
"PE-00898";"PE-00916";2020-06-10 05:36:30;2700
"PE-00967";"PE-00969";2020-06-10 05:46:00;1020
"PE-00916";"PE-00968";2020-06-10 05:48:00;90
"PE-00898";"PE-00894";2020-06-10 05:56:00;2400
"PE-00967";"PE-00960";2020-06-10 05:57:30;150
"PE-00958";"PE-00967";2020-06-10 05:59:30;60
"PA-00479";"PE-00967";2020-06-10 06:00:00;1800
"PE-00962";"PA-00486";2020-06-10 06:01:00;960
"PA-00492";"PE-00894";2020-06-10 06:01:30;600
"PE-00953";"PE-00952";2020-06-10 06:02:00;810
"PE-00952";"PA-00478";2020-06-10 06:04:00;1470
"PA-00486";"PE-00916";2020-06-10 06:06:00;1770
"PE-00958";"PE-00967";2020-06-10 06:07:30;150
"PA-00487";"PE-00916";2020-06-10 06:08:00;540
"PA-00478";"PE-00952";2020-06-10 06:11:00;450
"PE-00969";"PA-00477";2020-06-10 06:11:00;630
"PE-00952";"PE-00912";2020-06-10 06:11:30;90
"PA-00477";"PE-00969";2020-06-10 06:12:30;870
"PE-00894";"PA-00480";2020-06-10 06:13:00;810
"PE-00938";"PE-00965";2020-06-10 06:14:30;210
"PA-00478";"PE-00916";2020-06-10 06:16:00;810
"PE-00901";"PA-00477";2020-06-10 06:17:30;600
"PE-00962";"PA-00482";2020-06-10 06:17:30;480
"PE-00911";"PE-00894";2020-06-10 06:18:30;450
"PE-00952";"PA-00492";2020-06-10 06:18:30;960
"PE-00953";"PA-00485";2020-06-10 06:18:30;1050
"PE-00959";"PE-00963";2020-06-10 06:30:00;720
"PA-00480";"PE-00901";2020-06-10 06:23:30;720
"PE-00965";"PA-00494";2020-06-10 06:24:00;1440
"PA-00480";"PE-00894";2020-06-10 06:27:00;450
"PE-00921";"PE-00953";2020-06-10 06:28:00;30
"PE-00954";"PE-00956";2020-06-10 06:33:00;270
"PA-00482";"PE-00894";2020-06-10 06:30:30;240
"PE-00955";"PA-00478";2020-06-10 06:30:30;930
"PA-00484";"PE-00894";2020-06-10 06:32:00;690
"PE-00922";"PE-00927";2020-06-10 06:44:00;1470
"PE-00929";"PE-00905";2020-06-10 06:44:00;480
"PE-00930";"PE-00940";2020-06-10 06:32:30;450
"PE-00956";"PE-00965";2020-06-10 06:33:30;120
"PA-00486";"PE-00962";2020-06-10 06:34:30;1140
"PE-00953";"PE-00960";2020-06-10 06:34:30;360
"PE-00921";"PE-00905";2020-06-10 06:44:00;120
"PE-00958";"PE-00917";2020-06-10 06:45:00;120
"PE-00965";"PA-00478";2020-06-10 06:35:30;2160
"PE-00912";"PE-00928";2020-06-10 06:36:30;270
"PA-00489";"PE-00969";2020-06-10 06:36:30;840
"PE-00940";"PE-00929";2020-06-10 06:38:00;330
"PE-00938";"PE-00940";2020-06-10 06:39:30;930
"PE-00954";"PE-00963";2020-06-10 06:39:30;360
"PE-00898";"PE-00901";2020-06-10 06:40:00;180
"PE-00911";"PE-00898";2020-06-10 06:40:30;120
"PE-00929";"PE-00912";2020-06-10 06:40:30;1350
"PE-00898";"PA-00478";2020-06-10 06:41:00;990
"PE-00922";"PE-00940";2020-06-10 06:42:00;180
"PE-00929";"PE-00963";2020-06-10 06:42:00;1140
"PE-00911";"PA-00477";2020-06-10 06:42:30;3900
"PE-00966";"PE-00911";2020-06-10 06:43:00;390
"PA-00487";"PE-00968";2020-06-10 06:43:30;360
"PE-00921";"PE-00901";2020-06-10 06:44:30;450
"PE-00955";"PA-00486";2020-06-10 06:44:30;2730
"PE-00921";"PE-00928";2020-06-10 06:45:00;1500
"PE-00967";"PE-00927";2020-06-10 06:45:00;120
"PE-00963";"PE-00966";2020-06-10 06:45:30;780
"PE-00912";"PE-00905";2020-06-10 06:46:30;870
"PE-00928";"PE-00927";2020-06-10 06:47:30;330
"PE-00959";"PE-00952";2020-06-10 06:47:30;240
"PE-00965";"PE-00968";2020-06-10 06:49:00;1320
"PE-00922";"PE-00916";2020-06-10 06:49:30;150
"PE-00961";"PE-00921";2020-06-10 06:49:30;510
"PE-00955";"PA-00489";2020-06-10 06:50:30;480
"PE-00894";"PE-00912";2020-06-10 06:51:00;300
"PE-00940";"PE-00956";2020-06-10 06:51:30;300
"PE-00952";"PA-00477";2020-06-10 06:52:00;1380
"PE-00955";"PE-00928";2020-06-10 06:55:00;150
"PE-00968";"PA-00480";2020-06-10 06:55:30;2310
"PA-00480";"PE-00916";2020-06-10 06:56:00;300
"PE-00960";"PE-00956";2020-06-10 06:56:00;570
"PE-00962";"PE-00960";2020-06-10 06:56:30;300
"PE-00927";"PE-00956";2020-06-10 06:57:00;270
"PE-00940";"PE-00958";2020-06-10 06:57:30;120
"PE-00917";"PE-00929";2020-06-10 06:58:30;150
"PE-00955";"PE-00965";2020-06-10 06:58:30;600
"PE-00940";"PE-00952";2020-06-10 06:59:00;240
"PE-00958";"PE-00916";2020-06-10 06:59:00;120
"PA-00486";"PE-00903";2020-06-10 06:59:30;930
"PE-00957";"PE-00912";2020-06-10 06:59:30;930
"PE-00903";"PE-00922";2020-06-10 07:00:30;240
"PE-00956";"PE-00963";2020-06-10 07:01:00;690
"PE-00966";"PE-00905";2020-06-10 07:01:30;690
"PE-00965";"PE-00955";2020-06-10 07:03:00;690
"PE-00966";"PE-00926";2020-06-10 07:04:00;120
"PE-00940";"PE-00922";2020-06-10 07:04:30;1020
"PE-00968";"PE-00916";2020-06-10 07:04:30;120
"PE-00957";"PE-00921";2020-06-10 07:05:30;540
"PE-00917";"PE-00901";2020-06-10 07:06:00;210
"PE-00938";"PE-00940";2020-06-10 07:06:00;1140
"PE-00898";"PE-00969";2020-06-10 07:07:30;360
"PA-00489";"PE-00911";2020-06-10 07:07:30;540
"PE-00911";"PA-00477";2020-06-10 07:08:00;750
"PE-00922";"PE-00929";2020-06-10 07:08:00;960
"PE-00955";"PE-00929";2020-06-10 07:09:00;420
"PE-00961";"PE-00921";2020-06-10 07:09:00;930
"PE-00940";"PE-00952";2020-06-10 07:09:30;270
"PE-00917";"PE-00965";2020-06-10 07:10:00;1560
"PE-00929";"PE-00938";2020-06-10 07:10:00;870
"PE-00965";"PE-00922";2020-06-10 07:10:00;120
"PE-00940";"PE-00938";2020-06-10 07:10:30;210
"PE-00954";"PE-00929";2020-06-10 07:11:00;90
"PE-00894";"PE-00903";2020-06-10 07:12:30;1290
"PE-00957";"PE-00959";2020-06-10 07:12:30;2490
"PE-00952";"PE-00912";2020-06-10 07:13:00;180
"PE-00927";"PE-00966";2020-06-10 07:14:00;120
"PE-00969";"PE-00967";2020-06-10 07:14:00;240
"PE-00940";"PE-00912";2020-06-10 07:14:30;210
"PE-00965";"PE-00962";2020-06-10 07:14:30;150
"PE-00969";"PE-00921";2020-06-10 07:14:30;120
"PE-00917";"PE-00952";2020-06-10 07:17:00;1710
"PE-00921";"PE-00926";2020-06-10 07:17:00;300
"PE-00898";"PE-00926";2020-06-10 07:17:30;60
"PE-00903";"PE-00952";2020-06-10 07:19:30;240
"PE-00960";"PE-00962";2020-06-10 07:19:30;300
"PE-00957";"PE-00912";2020-06-10 07:20:30;420
"PE-00916";"PE-00894";2020-06-10 07:21:30;180
"PE-00953";"PE-00916";2020-06-10 07:23:00;90
"PE-00963";"PE-00912";2020-06-10 07:24:00;570
"PE-00955";"PE-00965";2020-06-10 07:25:00;450
"PE-00911";"PE-00905";2020-06-10 07:26:30;1080
"PE-00969";"PE-00898";2020-06-10 07:26:30;180
"PE-00927";"PE-00920";2020-06-10 07:27:00;60
"PE-00953";"PE-00898";2020-06-10 07:27:30;30
"PE-00962";"PE-00953";2020-06-10 07:28:00;120
"PE-00916";"PE-00953";2020-06-10 07:28:30;300
"PE-00929";"PE-00921";2020-06-10 07:28:30;420
"PE-00952";"PE-00940";2020-06-10 07:28:30;510
"PE-00957";"PE-00952";2020-06-10 07:29:30;120
"PE-00953";"PE-00921";2020-06-10 07:30:00;180
"PE-00926";"PE-00966";2020-06-10 07:31:00;570
"PE-00967";"PE-00955";2020-06-10 07:34:00;120
"PE-00911";"PE-00898";2020-06-10 07:36:00;420
"PE-00926";"PE-00920";2020-06-10 07:36:30;1140
"PE-00903";"PE-00965";2020-06-10 07:39:00;240
"PE-00966";"PE-00921";2020-06-10 07:40:00;630
"PE-00929";"PE-00966";2020-06-10 07:41:30;750
"PE-00960";"PE-00905";2020-06-10 07:42:30;270
"PE-00927";"PE-00912";2020-06-10 07:43:00;300
"PE-00921";"PE-00957";2020-06-10 07:44:00;90
"PE-00922";"PE-00954";2020-06-10 07:44:00;120
"PE-00954";"PE-00920";2020-06-10 07:44:00;510
"PE-00953";"PE-00920";2020-06-10 07:44:30;240
"PE-00920";"PE-00922";2020-06-10 07:46:00;540
"PE-00912";"PE-00954";2020-06-10 07:46:30;5250
"PE-00932";"PE-00917";2020-06-10 07:46:30;240
"PE-00954";"PE-00905";2020-06-10 07:48:00;240
"PE-00962";"PA-00484";2020-06-10 07:49:30;660
"PE-00905";"PE-00966";2020-06-10 07:50:00;420
"PE-00932";"PE-00920";2020-06-10 07:50:30;870
"PE-00922";"PE-00966";2020-06-10 07:51:00;2130
"PE-00963";"PE-00929";2020-06-10 07:52:00;840
"PE-00963";"PE-00957";2020-06-10 07:54:00;90
"PA-00487";"PE-00922";2020-06-10 07:56:00;540
"PE-00954";"PE-00957";2020-06-10 07:56:00;210
"PE-00956";"PE-00927";2020-06-10 07:56:00;600
"PE-00901";"PE-00898";2020-06-10 07:58:00;750
"PE-00911";"PE-00894";2020-06-10 07:58:00;540
"PE-00953";"PE-00958";2020-06-10 07:58:00;1650
"PE-00960";"PE-00953";2020-06-10 07:58:00;540
"PE-00956";"PE-00921";2020-06-10 07:58:30;330
"PE-00962";"PE-00916";2020-06-10 08:00:00;90
"PE-00967";"PE-00958";2020-06-10 08:00:30;450
"PE-00969";"PE-00903";2020-06-10 08:00:30;480
"PE-00903";"PE-00932";2020-06-10 08:01:00;150
"PE-00916";"PE-00898";2020-06-10 08:02:00;90
"PE-00962";"PA-00482";2020-06-10 08:02:00;810
"PE-00969";"PE-00967";2020-06-10 08:02:00;270
"PA-00478";"PE-00916";2020-06-10 08:02:30;960
"PA-00481";"PE-00917";2020-06-10 08:03:00;420
"PA-00487";"PE-00927";2020-06-10 08:03:00;750
"PE-00960";"PE-00962";2020-06-10 08:03:30;630
"PE-00911";"PE-00965";2020-06-10 08:04:00;210
"PE-00956";"PA-00480";2020-06-10 08:04:30;720
"PE-00958";"PA-00484";2020-06-10 08:04:30;960
"PE-00917";"PE-00955";2020-06-10 08:05:00;60
"PE-00955";"PE-00917";2020-06-10 08:05:00;330
"PE-00959";"PE-00952";2020-06-10 08:05:30;30
"PE-00917";"PE-00901";2020-06-10 08:06:00;300
"PA-00489";"PE-00963";2020-06-10 08:06:00;150
"PE-00929";"PE-00956";2020-06-10 08:06:00;690
"PE-00929";"PE-00912";2020-06-10 08:06:00;1020
"PE-00901";"PE-00920";2020-06-10 08:10:00;150
"PE-00952";"PE-00954";2020-06-10 08:10:00;330
"PE-00916";"PE-00917";2020-06-10 08:10:30;270
"PE-00962";"PE-00911";2020-06-10 08:10:30;300
"PE-00929";"PE-00917";2020-06-10 08:11:30;60
"PA-00488";"PE-00921";2020-06-10 08:12:00;690
"PE-00967";"PE-00903";2020-06-10 08:12:30;120
"PA-00478";"PE-00920";2020-06-10 08:13:00;4020
"PA-00488";"PE-00898";2020-06-10 08:13:00;210
"PE-00960";"PE-00952";2020-06-10 08:13:30;750
"PA-00488";"PE-00967";2020-06-10 08:14:00;180
"PE-00960";"PE-00903";2020-06-10 08:14:30;180
"PA-00477";"PE-00961";2020-06-10 08:15:30;120
"PA-00492";"PE-00958";2020-06-10 08:16:30;420
"PE-00963";"PE-00929";2020-06-10 08:16:30;240
"PE-00961";"PE-00921";2020-06-10 08:17:00;1470
"PE-00968";"PE-00953";2020-06-10 08:17:00;780
"PE-00958";"PE-00960";2020-06-10 08:18:30;240
"PE-00898";"PE-00967";2020-06-10 08:19:00;150
"PE-00932";"PA-00492";2020-06-10 08:19:30;240
"PE-00954";"PE-00905";2020-06-10 08:21:00;300
"PE-00955";"PE-00965";2020-06-10 08:24:30;180
"PE-00952";"PE-00960";2020-06-10 08:25:00;180
"PE-00961";"PE-00912";2020-06-10 08:27:30;990
"PE-00916";"PE-00962";2020-06-10 08:28:30;1710
"PE-00921";"PE-00901";2020-06-10 08:29:00;240
"PE-00960";"PE-00905";2020-06-10 08:30:30;150
"PE-00958";"PE-00967";2020-06-10 08:32:30;1050
"PA-00492";"PE-00917";2020-06-10 08:33:30;690
"PE-00898";"PE-00958";2020-06-10 08:34:30;240
"PA-00484";"PE-00911";2020-06-10 08:34:30;600
"PE-00969";"PE-00898";2020-06-10 08:35:00;300
"PE-00968";"PE-00911";2020-06-10 08:35:30;420
"PA-00489";"PE-00960";2020-06-10 08:36:00;450
"PE-00932";"PA-00485";2020-06-10 08:36:00;330
"PA-00489";"PE-00917";2020-06-10 08:36:30;810
"PE-00965";"PE-00917";2020-06-10 08:37:30;360
"PA-00484";"PE-00954";2020-06-10 08:38:00;2310
"PE-00932";"PE-00916";2020-06-10 08:39:00;750
"PE-00958";"PE-00965";2020-06-10 08:39:00;240
"PE-00929";"PE-00959";2020-06-10 08:39:30;480
"PA-00492";"PE-00959";2020-06-10 08:39:30;810
"PE-00965";"PA-00485";2020-06-10 08:39:30;270
"PE-00905";"PE-00916";2020-06-10 08:40:00;90
"PE-00958";"PE-00963";2020-06-10 08:40:30;180
"PE-00917";"PE-00916";2020-06-10 08:41:00;150
"PE-00917";"PE-00898";2020-06-10 08:41:00;150
"PE-00917";"PA-00481";2020-06-10 08:41:30;210
"PE-00967";"PE-00969";2020-06-10 08:42:00;780
"PE-00956";"PA-00479";2020-06-10 08:42:30;720
"PA-00484";"PE-00921";2020-06-10 08:43:00;330
"PA-00480";"PE-00956";2020-06-10 08:44:00;480
"PE-00929";"PE-00961";2020-06-10 08:45:30;1230
"PE-00952";"PE-00967";2020-06-10 08:46:00;270
"PE-00961";"PE-00903";2020-06-10 08:46:00;30
"PE-00958";"PE-00959";2020-06-10 08:46:30;240
"PE-00968";"PE-00965";2020-06-10 08:46:30;240
"PE-00968";"PE-00916";2020-06-10 08:48:30;300
"PE-00960";"PE-00953";2020-06-10 08:49:30;390
"PE-00967";"PA-00480";2020-06-10 08:51:00;570
"PE-00917";"PE-00903";2020-06-10 08:53:00;60
"PE-00953";"PE-00898";2020-06-10 08:53:00;120
"PE-00953";"PE-00916";2020-06-10 08:54:00;240
"PE-00903";"PA-00486";2020-06-10 08:55:00;540
"PA-00487";"PE-00905";2020-06-10 08:55:00;240
"PE-00903";"PE-00969";2020-06-10 08:55:30;90
"PA-00492";"PE-00926";2020-06-10 08:55:30;3600
"PE-00968";"PA-00480";2020-06-10 08:57:00;540
"PE-00901";"PA-00477";2020-06-10 08:57:30;150
"PE-00953";"PE-00932";2020-06-10 08:58:30;600
"PE-00956";"PE-00912";2020-06-10 08:58:30;210
"PE-00929";"PA-00492";2020-06-10 08:59:00;3870
"PE-00916";"PE-00967";2020-06-10 08:59:30;570
"PE-00952";"PE-00929";2020-06-10 08:59:30;330
"PE-00963";"PA-00485";2020-06-10 09:00:00;90
"PE-00968";"PE-00916";2020-06-10 09:00:00;180
"PA-00494";"PE-00965";2020-06-10 09:00:30;450
"PE-00916";"PE-00911";2020-06-10 09:01:00;60
"PE-00953";"PE-00894";2020-06-10 09:03:00;240
"PE-00901";"PE-00953";2020-06-10 09:03:30;630
"PE-00926";"PE-00922";2020-06-10 09:05:00;360
"PA-00484";"PE-00894";2020-06-10 09:05:30;1230
"PE-00894";"PE-00916";2020-06-10 09:07:00;360
"PE-00959";"PE-00921";2020-06-10 09:07:00;630
"PE-00961";"PE-00921";2020-06-10 09:07:00;480
"PE-00894";"PE-00958";2020-06-10 09:07:30;450
"PE-00905";"PE-00912";2020-06-10 09:09:00;390
"PE-00961";"PE-00922";2020-06-10 09:09:30;330
"PE-00926";"PE-00912";2020-06-10 09:11:00;150
"PE-00918";"PE-00920";2020-06-10 09:12:00;1590
"PA-00489";"PE-00962";2020-06-10 09:14:00;120
"PE-00959";"PE-00929";2020-06-10 09:14:00;2310
"PE-00901";"PE-00922";2020-06-10 09:15:00;420
"PE-00921";"PE-00918";2020-06-10 09:16:00;1500
"PA-00480";"PE-00961";2020-06-10 09:16:30;4860
"PE-00967";"PE-00956";2020-06-10 09:16:30;30
"PE-00901";"PE-00898";2020-06-10 09:17:00;90
"PE-00965";"PE-00901";2020-06-10 09:17:00;180
"PE-00916";"PE-00894";2020-06-10 09:18:00;30
"PE-00921";"PE-00959";2020-06-10 09:18:00;1830
"PA-00482";"PE-00918";2020-06-10 09:19:30;450
"PE-00921";"PE-00922";2020-06-10 09:20:00;180
"PE-00954";"PE-00918";2020-06-10 09:21:00;810
"PA-00479";"PE-00932";2020-06-10 09:22:00;180
"PE-00968";"PE-00963";2020-06-10 09:22:00;30
"PE-00969";"PA-00489";2020-06-10 09:22:00;780
"PE-00929";"PE-00957";2020-06-10 09:24:00;960
"PE-00911";"PA-00481";2020-06-10 09:27:00;150
"PE-00918";"PE-00921";2020-06-10 09:27:00;690
"PE-00905";"PE-00956";2020-06-10 09:27:30;660
"PA-00480";"PE-00905";2020-06-10 09:28:00;1440
"PE-00916";"PE-00952";2020-06-10 09:28:30;240
"PE-00960";"PA-00492";2020-06-10 09:28:30;150
"PE-00962";"PE-00903";2020-06-10 09:28:30;300
"PE-00894";"PA-00478";2020-06-10 09:29:00;240
"PE-00963";"PE-00926";2020-06-10 09:29:30;360
"PE-00898";"PE-00894";2020-06-10 09:30:30;180
"PE-00955";"PE-00965";2020-06-10 09:32:00;90
"PE-00953";"PA-00485";2020-06-10 09:33:00;240
"PA-00494";"PE-00922";2020-06-10 09:35:30;1410
"PA-00489";"PE-00961";2020-06-10 09:36:00;990
"PE-00969";"PE-00898";2020-06-10 09:36:30;330
"PE-00894";"PE-00963";2020-06-10 09:37:00;90
"PE-00920";"PE-00961";2020-06-10 09:37:00;210
"PE-00926";"PE-00957";2020-06-10 09:39:00;150
"PE-00954";"PE-00912";2020-06-10 09:39:30;480
"PE-00912";"PE-00929";2020-06-10 09:40:30;270
"PA-00480";"PE-00920";2020-06-10 09:40:30;870
"PE-00969";"PA-00478";2020-06-10 09:41:00;60
"PE-00960";"PE-00903";2020-06-10 09:42:00;360
"PE-00962";"PA-00482";2020-06-10 09:45:00;180
"PE-00912";"PE-00905";2020-06-10 09:46:00;240
"PE-00901";"PE-00962";2020-06-10 09:46:00;60
"PE-00912";"PE-00911";2020-06-10 09:47:30;330
"PE-00918";"PE-00956";2020-06-10 09:48:30;870
"PE-00968";"PE-00952";2020-06-10 09:48:30;540
"PE-00932";"PE-00912";2020-06-10 09:49:30;150
"PE-00963";"PE-00929";2020-06-10 09:49:30;150
"PE-00920";"PE-00956";2020-06-10 09:53:30;1350
"PE-00959";"PE-00956";2020-06-10 09:53:30;780
"PE-00916";"PE-00955";2020-06-10 09:54:00;120
"PA-00480";"PE-00956";2020-06-10 09:54:30;2400
"PE-00968";"PA-00486";2020-06-10 09:55:00;780
"PE-00952";"PE-00955";2020-06-10 09:55:30;150
"PE-00926";"PE-00962";2020-06-10 09:56:30;2460
"PE-00911";"PE-00955";2020-06-10 09:58:30;120
"PA-00489";"PE-00916";2020-06-10 09:58:30;720
"PE-00956";"PE-00968";2020-06-10 09:58:30;390
"PE-00959";"PE-00952";2020-06-10 09:58:30;2130
"PE-00957";"PE-00912";2020-06-10 10:03:00;450
"PA-00478";"PE-00916";2020-06-10 10:05:00;420
"PE-00953";"PE-00955";2020-06-10 10:05:30;120
"PE-00916";"PE-00903";2020-06-10 10:06:00;540
"PE-00952";"PE-00962";2020-06-10 10:06:00;150
"PE-00967";"PE-00927";2020-06-10 10:06:00;660
"PE-00920";"PE-00918";2020-06-10 10:07:30;1860
"PE-00918";"PE-00920";2020-06-10 10:11:00;630
"PE-00968";"PE-00954";2020-06-10 10:12:00;1170
"PE-00956";"PE-00961";2020-06-10 10:14:00;1170
"PE-00952";"PA-00480";2020-06-10 10:16:00;630
"PE-00962";"PE-00955";2020-06-10 10:16:00;150
"PE-00957";"PE-00920";2020-06-10 10:16:30;390
"PE-00954";"PE-00912";2020-06-10 10:17:00;120
"PE-00967";"PE-00901";2020-06-10 10:17:00;780
"PE-00962";"PE-00967";2020-06-10 10:19:30;570
"PE-00953";"PE-00965";2020-06-10 10:20:00;690
"PE-00962";"PE-00898";2020-06-10 10:26:30;720
"PE-00960";"PE-00903";2020-06-10 10:30:30;750
"PE-00916";"PA-00494";2020-06-10 10:32:00;120
"PA-00494";"PE-00898";2020-06-10 10:33:00;750
"PE-00922";"PE-00920";2020-06-10 10:33:30;930
"PE-00960";"PA-00494";2020-06-10 10:33:30;120
"PE-00927";"PE-00912";2020-06-10 10:34:00;1320
"PE-00967";"PE-00958";2020-06-10 10:36:30;390
"PE-00955";"PE-00965";2020-06-10 10:37:00;630
"PA-00492";"PE-00952";2020-06-10 10:39:30;450
"PE-00903";"PA-00494";2020-06-10 10:40:30;1020
"PE-00903";"PE-00922";2020-06-10 10:41:30;480
"PE-00961";"PE-00921";2020-06-10 10:41:30;1890
"PE-00916";"PA-00478";2020-06-10 10:43:00;570
"PA-00484";"PE-00958";2020-06-10 10:43:00;150
"PE-00968";"PE-00956";2020-06-10 10:44:00;210
"PA-00489";"PE-00916";2020-06-10 10:46:00;960
"PA-00480";"PE-00955";2020-06-10 10:51:30;360
"PE-00916";"PE-00927";2020-06-10 10:52:30;810
"PE-00903";"PE-00953";2020-06-10 10:52:30;420
"PE-00912";"PE-00959";2020-06-10 10:55:00;1770
"PE-00922";"PE-00918";2020-06-10 10:55:00;780
"PE-00962";"PA-00494";2020-06-10 10:56:00;180
"PE-00916";"PA-00488";2020-06-10 10:56:30;150
"PE-00901";"PE-00898";2020-06-10 10:57:00;120
"PE-00929";"PE-00912";2020-06-10 10:59:00;1290
"PE-00962";"PE-00960";2020-06-10 11:00:30;120
"PE-00916";"PE-00912";2020-06-10 11:01:30;30
"PA-00487";"PE-00916";2020-06-10 11:01:30;150
"PE-00952";"PE-00894";2020-06-10 11:03:30;480
"PA-00485";"PE-00953";2020-06-10 11:05:00;300
"PE-00955";"PE-00968";2020-06-10 11:05:30;120
"PE-00894";"PE-00965";2020-06-10 11:06:30;870
"PE-00959";"PE-00912";2020-06-10 11:08:30;1590
"PE-00894";"PE-00960";2020-06-10 11:09:00;540
"PE-00952";"PA-00479";2020-06-10 11:09:00;60
"PA-00487";"PE-00953";2020-06-10 11:10:30;120
"PE-00901";"PA-00478";2020-06-10 11:13:30;360
"PA-00489";"PE-00916";2020-06-10 11:14:30;150
"PE-00952";"PE-00916";2020-06-10 11:19:30;360
"PE-00956";"PE-00922";2020-06-10 11:19:30;660
"PE-00912";"PE-00898";2020-06-10 11:20:00;930
"PE-00921";"PE-00920";2020-06-10 11:22:00;1560
"PE-00957";"PE-00920";2020-06-10 11:22:30;660
"PE-00953";"PE-00898";2020-06-10 11:24:30;2010
"PA-00478";"PE-00929";2020-06-10 11:25:30;30
"PE-00962";"PE-00968";2020-06-10 11:26:30;330
"PE-00961";"PE-00921";2020-06-10 11:27:30;1140
"PE-00960";"PE-00916";2020-06-10 11:28:30;750
"PE-00967";"PE-00958";2020-06-10 11:31:00;1740
"PE-00959";"PE-00929";2020-06-10 11:32:00;660
"PE-00960";"PE-00894";2020-06-10 11:32:00;630
"PE-00958";"PA-00480";2020-06-10 11:35:00;390
"PE-00920";"PE-00959";2020-06-10 11:36:30;2310
"PE-00954";"PE-00927";2020-06-10 11:36:30;330
"PA-00480";"PE-00962";2020-06-10 11:39:30;330
"PE-00953";"PE-00894";2020-06-10 11:42:00;330
"PE-00922";"PE-00905";2020-06-10 11:42:30;1050
"PE-00920";"PE-00918";2020-06-10 11:43:00;540
"PE-00958";"PE-00968";2020-06-10 11:44:00;1980
"PA-00484";"PE-00894";2020-06-10 11:46:00;1710
"PE-00960";"PE-00962";2020-06-10 11:51:00;360
"PE-00968";"PE-00898";2020-06-10 11:52:30;210
"PE-00957";"PE-00912";2020-06-10 11:53:30;1140
"PE-00955";"PE-00965";2020-06-10 11:54:00;480
"PA-00484";"PE-00960";2020-06-10 11:54:30;450
"PE-00921";"PE-00918";2020-06-10 11:55:00;2610
"PE-00898";"PE-00960";2020-06-10 11:58:30;180
"PE-00920";"PE-00922";2020-06-10 11:59:00;1410
"PE-00921";"PE-00927";2020-06-10 11:59:00;810
"PE-00959";"PE-00921";2020-06-10 11:59:00;990
"PE-00916";"PE-00894";2020-06-10 11:59:30;270
"PE-00921";"PA-00487";2020-06-10 12:00:30;570
"PE-00898";"PE-00932";2020-06-10 12:01:00;150
"PE-00904";"PE-00918";2020-06-10 12:01:30;180
"PE-00912";"PE-00918";2020-06-10 12:03:30;510
"PE-00963";"PE-00955";2020-06-10 12:03:30;150
"PE-00960";"PE-00953";2020-06-10 12:04:00;810
"PE-00920";"PE-00912";2020-06-10 12:04:30;750
"PE-00961";"PE-00926";2020-06-10 12:05:30;630
"PE-00952";"PE-00894";2020-06-10 12:06:00;450
"PE-00962";"PE-00898";2020-06-10 12:07:00;810
"PE-00904";"PE-00954";2020-06-10 12:09:00;120
"PA-00487";"PE-00894";2020-06-10 12:09:00;120
"PE-00916";"PE-00894";2020-06-10 12:10:30;150
"PE-00957";"PE-00912";2020-06-10 12:11:30;1080
"PE-00953";"PA-00485";2020-06-10 12:13:00;1080
"PE-00898";"PE-00901";2020-06-10 12:13:30;150
"PA-00484";"PE-00911";2020-06-10 12:15:00;240
"PA-00484";"PE-00894";2020-06-10 12:15:30;900
"PA-00487";"PE-00904";2020-06-10 12:16:00;150
"PE-00921";"PE-00901";2020-06-10 12:17:00;120
"PE-00921";"PE-00963";2020-06-10 12:18:00;390
"PE-00926";"PE-00918";2020-06-10 12:19:00;870
"PE-00921";"PE-00918";2020-06-10 12:19:30;510
"PE-00960";"PA-00478";2020-06-10 12:19:30;300
"PE-00965";"PE-00932";2020-06-10 12:21:00;120
"PA-00492";"PE-00894";2020-06-10 12:22:30;660
"PE-00965";"PE-00955";2020-06-10 12:22:30;930
"PE-00894";"PE-00916";2020-06-10 12:23:00;1290
"PE-00926";"PE-00920";2020-06-10 12:23:00;780
"PE-00916";"PE-00912";2020-06-10 12:24:30;120
"PE-00968";"PE-00960";2020-06-10 12:25:00;210
"PE-00901";"PE-00960";2020-06-10 12:25:30;240
"PE-00920";"PE-00963";2020-06-10 12:25:30;270
"PE-00956";"PE-00953";2020-06-10 12:27:00;60
"PA-00492";"PE-00926";2020-06-10 12:27:30;480
"PE-00962";"PE-00926";2020-06-10 12:28:00;180
"PA-00486";"PE-00916";2020-06-10 12:28:30;630
"PA-00478";"PE-00960";2020-06-10 12:30:30;240
"PE-00962";"PE-00894";2020-06-10 12:32:00;420
"PE-00959";"PE-00921";2020-06-10 12:32:30;720
"PE-00967";"PE-00956";2020-06-10 12:32:30;60
"PA-00486";"PE-00955";2020-06-10 12:35:30;90
"PE-00967";"PE-00912";2020-06-10 12:35:30;330
"PE-00929";"PE-00912";2020-06-10 12:37:00;390
"PE-00911";"PE-00894";2020-06-10 12:37:30;960
"PE-00929";"PE-00968";2020-06-10 12:38:00;90
"PE-00911";"PE-00953";2020-06-10 12:39:00;1110
"PE-00960";"PE-00932";2020-06-10 12:42:00;480
"PE-00898";"PE-00965";2020-06-10 12:42:30;360
"PE-00952";"PE-00916";2020-06-10 12:43:00;60
"PE-00955";"PE-00932";2020-06-10 12:44:00;690
"PE-00958";"PE-00920";2020-06-10 12:44:00;180
"PA-00487";"PE-00901";2020-06-10 12:44:30;360
"PE-00962";"PE-00958";2020-06-10 12:44:30;240
"PE-00961";"PE-00904";2020-06-10 12:46:30;240
"PE-00954";"PE-00912";2020-06-10 12:48:00;270
"PA-00478";"PE-00894";2020-06-10 12:49:30;1350
"PE-00957";"PE-00920";2020-06-10 12:49:30;1620
"PE-00916";"PE-00968";2020-06-10 12:50:00;90
"PE-00916";"PE-00965";2020-06-10 12:50:30;720
"PE-00953";"PE-00894";2020-06-10 12:52:00;240
"PE-00898";"PA-00486";2020-06-10 12:53:00;2610
"PE-00955";"PE-00898";2020-06-10 12:53:00;540
"PA-00487";"PE-00956";2020-06-10 12:54:00;180
"PE-00960";"PE-00965";2020-06-10 12:54:30;390
"PE-00918";"PE-00963";2020-06-10 12:55:00;3150
"PE-00955";"PE-00916";2020-06-10 12:55:00;90
"PE-00968";"PE-00894";2020-06-10 12:55:00;450
"PE-00901";"PE-00904";2020-06-10 12:55:30;120
"PE-00918";"PE-00916";2020-06-10 12:56:00;270
"PE-00953";"PE-00898";2020-06-10 12:57:00;570
"PE-00955";"PE-00912";2020-06-10 12:57:00;60
"PE-00901";"PE-00920";2020-06-10 12:57:30;60
"PE-00932";"PE-00962";2020-06-10 12:58:30;300
"PE-00968";"PA-00484";2020-06-10 13:00:00;1770
"PE-00916";"PE-00894";2020-06-10 13:00:30;90
"PA-00484";"PE-00921";2020-06-10 13:00:30;300
"PE-00952";"PE-00916";2020-06-10 13:00:30;90
"PE-00962";"PA-00488";2020-06-10 13:01:00;810
"PE-00916";"PE-00901";2020-06-10 13:01:30;2010
"PE-00920";"PE-00901";2020-06-10 13:02:30;480
"PE-00920";"PA-00484";2020-06-10 13:02:30;1170
"PE-00932";"PE-00920";2020-06-10 13:02:30;630
"PE-00953";"PA-00485";2020-06-10 13:02:30;990
"PA-00485";"PE-00952";2020-06-10 13:06:00;720
"PE-00965";"PE-00955";2020-06-10 13:06:00;1200
"PE-00959";"PE-00921";2020-06-10 13:07:00;690
"PE-00968";"PE-00932";2020-06-10 13:07:00;360
"PE-00959";"PE-00918";2020-06-10 13:10:00;1320
"PE-00960";"PE-00962";2020-06-10 13:11:30;420
"PA-00484";"PE-00926";2020-06-10 13:12:00;330
"PE-00962";"PA-00492";2020-06-10 13:12:00;870
"PE-00952";"PE-00932";2020-06-10 13:12:30;930
"PE-00953";"PA-00484";2020-06-10 13:12:30;630
"PE-00957";"PE-00922";2020-06-10 13:13:00;1410
"PE-00958";"PA-00480";2020-06-10 13:14:00;1920
"PE-00960";"PE-00955";2020-06-10 13:14:00;60
"PA-00479";"PE-00920";2020-06-10 13:14:30;360
"PE-00903";"PE-00957";2020-06-10 13:15:00;60
"PE-00955";"PA-00478";2020-06-10 13:15:00;660
"PA-00478";"PE-00916";2020-06-10 13:15:30;210
"PE-00926";"PE-00920";2020-06-10 13:16:30;600
"PE-00959";"PE-00952";2020-06-10 13:16:30;90
"PE-00952";"PA-00489";2020-06-10 13:17:30;1440
"PE-00967";"PA-00478";2020-06-10 13:18:00;2160
"PE-00952";"PA-00481";2020-06-10 13:18:30;420
"PE-00901";"PE-00920";2020-06-10 13:20:00;300
"PE-00911";"PE-00918";2020-06-10 13:21:00;90
"PA-00478";"PE-00968";2020-06-10 13:21:30;300
"PE-00954";"PA-00484";2020-06-10 13:22:30;870
"PE-00898";"PE-00901";2020-06-10 13:23:30;120
"PE-00932";"PA-00478";2020-06-10 13:24:00;1440
"PE-00955";"PE-00898";2020-06-10 13:24:30;240
"PE-00958";"PE-00952";2020-06-10 13:25:00;390
"PE-00901";"PE-00898";2020-06-10 13:26:00;240
"PE-00894";"PA-00488";2020-06-10 13:28:00;270
"PE-00955";"PE-00916";2020-06-10 13:28:00;210
"PE-00926";"PE-00959";2020-06-10 13:29:00;450
"PE-00898";"PE-00952";2020-06-10 13:30:30;60
"PA-00489";"PE-00916";2020-06-10 13:31:00;1140
"PE-00921";"PE-00918";2020-06-10 13:32:00;60
"PE-00953";"PE-00898";2020-06-10 13:32:00;1560
"PE-00926";"PE-00921";2020-06-10 13:33:00;2070
"PE-00954";"PE-00918";2020-06-10 13:33:30;1470
"PE-00955";"PE-00965";2020-06-10 13:34:00;420
"PE-00932";"PE-00916";2020-06-10 13:36:00;510
"PE-00916";"PE-00898";2020-06-10 13:38:00;210
"PA-00488";"PE-00901";2020-06-10 13:38:30;1260
"PE-00911";"PE-00960";2020-06-10 13:39:00;120
"PE-00911";"PE-00932";2020-06-10 13:39:30;930
"PE-00922";"PE-00952";2020-06-10 13:40:30;240
"PE-00965";"PA-00478";2020-06-10 13:42:00;240
"PE-00894";"PE-00916";2020-06-10 13:42:30;930
"PE-00911";"PE-00894";2020-06-10 13:44:30;240
"PE-00918";"PA-00484";2020-06-10 13:45:00;210
"PE-00958";"PE-00894";2020-06-10 13:45:30;930
"PE-00955";"PE-00911";2020-06-10 13:46:30;90
"PE-00958";"PE-00967";2020-06-10 13:48:00;480
"PE-00911";"PA-00486";2020-06-10 13:49:00;630
"PE-00932";"PA-00486";2020-06-10 13:51:30;210
"PA-00480";"PE-00918";2020-06-10 13:52:30;300
"PE-00898";"PE-00926";2020-06-10 13:53:30;240
"PA-00480";"PE-00898";2020-06-10 13:55:30;180
"PE-00916";"PA-00479";2020-06-10 13:56:30;1710
"PE-00922";"PE-00916";2020-06-10 13:57:30;540
"PE-00918";"PE-00960";2020-06-10 13:58:00;90
"PE-00958";"PE-00954";2020-06-10 13:58:00;570
"PA-00479";"PE-00918";2020-06-10 13:59:00;510
"PA-00485";"PE-00894";2020-06-10 14:01:00;120
"PE-00922";"PE-00920";2020-06-10 14:03:00;930
"PE-00894";"PE-00929";2020-06-10 14:04:00;210
"PE-00955";"PE-00958";2020-06-10 14:04:00;270
"PE-00958";"PA-00479";2020-06-10 14:04:00;450
"PE-00894";"PE-00898";2020-06-10 14:04:30;210
"PE-00955";"PE-00916";2020-06-10 14:04:30;390
"PE-00921";"PE-00920";2020-06-10 14:05:00;540
"PE-00952";"PE-00963";2020-06-10 14:05:00;330
"PE-00901";"PE-00920";2020-06-10 14:05:30;360
"PE-00963";"PE-00929";2020-06-10 14:05:30;1680
"PE-00929";"PA-00481";2020-06-10 14:06:30;450
"PA-00480";"PE-00965";2020-06-10 14:07:00;1050
"PE-00967";"PE-00898";2020-06-10 14:07:00;1110
"PE-00959";"PE-00921";2020-06-10 14:08:00;90
"PE-00921";"PE-00894";2020-06-10 14:09:30;240
"PE-00968";"PE-00916";2020-06-10 14:11:30;90
"PE-00955";"PE-00929";2020-06-10 14:12:30;420
"PE-00901";"PE-00894";2020-06-10 14:13:00;270
"PA-00480";"PE-00953";2020-06-10 14:13:00;90
"PA-00487";"PE-00916";2020-06-10 14:13:30;240
"PE-00952";"PA-00478";2020-06-10 14:13:30;870
"PE-00967";"PE-00958";2020-06-10 14:13:30;300
"PE-00958";"PA-00484";2020-06-10 14:14:00;270
"PE-00898";"PE-00901";2020-06-10 14:15:00;510
"PE-00918";"PE-00953";2020-06-10 14:15:30;1620
"PE-00921";"PE-00918";2020-06-10 14:15:30;630
"PE-00955";"PE-00898";2020-06-10 14:15:30;390
"PE-00967";"PE-00894";2020-06-10 14:15:30;270
"PE-00965";"PE-00967";2020-06-10 14:17:30;240
"PE-00916";"PA-00492";2020-06-10 14:18:00;570
"PA-00482";"PE-00894";2020-06-10 14:18:00;540
"PE-00911";"PE-00894";2020-06-10 14:18:00;90
"PE-00962";"PE-00960";2020-06-10 14:18:30;1410
"PE-00958";"PA-00480";2020-06-10 14:20:00;210
"PE-00916";"PE-00968";2020-06-10 14:20:30;480
"PE-00952";"PE-00965";2020-06-10 14:21:00;1380
"PE-00898";"PE-00894";2020-06-10 14:22:30;540
"PA-00481";"PE-00916";2020-06-10 14:27:30;870
"PE-00953";"PE-00898";2020-06-10 14:28:00;1170
"PE-00962";"PE-00894";2020-06-10 14:28:00;90
"PE-00965";"PE-00954";2020-06-10 14:29:30;90
"PE-00960";"PE-00953";2020-06-10 14:30:00;240
"PE-00894";"PE-00901";2020-06-10 14:31:00;30
"PE-00901";"PE-00898";2020-06-10 14:35:00;90
"PE-00962";"PE-00916";2020-06-10 14:35:00;270
"PE-00921";"PE-00959";2020-06-10 14:35:30;540
"PE-00965";"PE-00922";2020-06-10 14:35:30;150
"PE-00922";"PE-00918";2020-06-10 14:37:30;270
"PE-00920";"PE-00901";2020-06-10 14:38:00;300
"PE-00953";"PA-00481";2020-06-10 14:38:30;1680
"PA-00488";"PE-00898";2020-06-10 14:39:00;180
"PA-00484";"PE-00901";2020-06-10 14:40:30;330
"PE-00958";"PE-00967";2020-06-10 14:40:30;60
"PE-00962";"PE-00898";2020-06-10 14:42:30;540
"PE-00901";"PE-00954";2020-06-10 14:44:00;120
"PE-00894";"PE-00955";2020-06-10 14:45:00;210
"PE-00921";"PE-00954";2020-06-10 14:45:30;720
"PE-00918";"PE-00916";2020-06-10 14:46:30;660
"PE-00920";"PE-00921";2020-06-10 14:48:00;210
"PE-00929";"PE-00963";2020-06-10 14:48:00;300
"PE-00965";"PE-00956";2020-06-10 14:48:30;210
"PE-00920";"PE-00922";2020-06-10 14:49:30;150
"PE-00963";"PE-00918";2020-06-10 14:50:00;330
"PE-00894";"PE-00963";2020-06-10 14:52:00;420
"PE-00952";"PE-00894";2020-06-10 14:52:30;720
"PE-00959";"PE-00929";2020-06-10 14:53:00;300
"PE-00898";"PE-00916";2020-06-10 14:53:30;720
"PA-00489";"PE-00916";2020-06-10 14:53:30;2190
"PE-00954";"PE-00959";2020-06-10 14:53:30;210
"PE-00954";"PE-00918";2020-06-10 14:54:30;360
"PE-00916";"PE-00894";2020-06-10 14:55:00;1050
"PE-00958";"PA-00487";2020-06-10 14:56:30;420
"PE-00901";"PE-00952";2020-06-10 14:58:00;570
"PE-00918";"PE-00920";2020-06-10 14:58:30;420
"PE-00967";"PE-00958";2020-06-10 15:00:00;510
"PE-00953";"PE-00898";2020-06-10 15:01:00;150
"PE-00916";"PE-00898";2020-06-10 15:01:30;90
"PE-00916";"PA-00489";2020-06-10 15:05:00;630
"PE-00898";"PE-00894";2020-06-10 15:06:00;540
"PE-00898";"PE-00916";2020-06-10 15:06:00;1140
"PE-00968";"PE-00898";2020-06-10 15:06:00;90
"PE-00960";"PE-00918";2020-06-10 15:06:30;90
"PE-00965";"PA-00494";2020-06-10 15:07:30;480
"PE-00965";"PE-00968";2020-06-10 15:09:00;150
"PE-00962";"PE-00960";2020-06-10 15:09:30;60
"PE-00962";"PA-00479";2020-06-10 15:10:00;300
"PE-00962";"PE-00898";2020-06-10 15:11:00;330
"PE-00967";"PE-00968";2020-06-10 15:14:00;420
"PE-00916";"PE-00894";2020-06-10 15:15:00;150
"PA-00481";"PE-00963";2020-06-10 15:15:30;270
"PE-00922";"PE-00920";2020-06-10 15:18:00;180
"PA-00481";"PE-00929";2020-06-10 15:19:00;120
"PE-00968";"PE-00894";2020-06-10 15:19:00;270
"PE-00926";"PE-00954";2020-06-10 15:19:30;840
"PE-00958";"PE-00894";2020-06-10 15:19:30;810
"PE-00901";"PE-00898";2020-06-10 15:20:30;180
"PE-00898";"PE-00901";2020-06-10 15:21:00;510
"PE-00952";"PE-00894";2020-06-10 15:22:00;330
"PE-00920";"PE-00922";2020-06-10 15:23:30;810
"PE-00894";"PE-00916";2020-06-10 15:24:30;690
"PE-00968";"PE-00921";2020-06-10 15:27:30;300
"PE-00952";"PE-00898";2020-06-10 15:28:00;600
"PE-00955";"PA-00492";2020-06-10 15:29:00;330
"PA-00481";"PE-00922";2020-06-10 15:32:00;360
"PE-00960";"PE-00962";2020-06-10 15:32:00;210
"PE-00959";"PE-00922";2020-06-10 15:33:30;480
"PE-00965";"PE-00955";2020-06-10 15:33:30;720
"PA-00480";"PE-00960";2020-06-10 15:34:00;480
"PA-00479";"PE-00954";2020-06-10 15:36:00;330
"PE-00898";"PE-00953";2020-06-10 15:36:30;1050
"PA-00487";"PE-00926";2020-06-10 15:37:30;210
"PE-00894";"PA-00494";2020-06-10 15:39:30;870
"PE-00958";"PE-00901";2020-06-10 15:41:00;120
"PE-00968";"PE-00965";2020-06-10 15:44:00;270
"PE-00894";"PE-00898";2020-06-10 15:44:30;150
"PE-00965";"PE-00959";2020-06-10 15:44:30;90
"PE-00898";"PA-00482";2020-06-10 15:46:00;570
"PE-00967";"PE-00894";2020-06-10 15:47:00;870
"PE-00916";"PE-00952";2020-06-10 15:48:30;120
"PE-00968";"PE-00901";2020-06-10 15:50:00;30
"PE-00918";"PE-00920";2020-06-10 15:51:00;720
"PE-00958";"PE-00967";2020-06-10 15:52:30;240
"PA-00479";"PE-00918";2020-06-10 15:55:30;810
"PA-00482";"PE-00955";2020-06-10 15:55:30;720
"PE-00920";"PE-00921";2020-06-10 15:56:30;1080
"PA-00494";"PE-00922";2020-06-10 15:58:00;300
"PE-00916";"PE-00968";2020-06-10 15:59:00;270
"PE-00958";"PE-00920";2020-06-10 16:01:30;300
"PE-00920";"PE-00921";2020-06-10 16:02:00;1650
"PE-00957";"PE-00918";2020-06-10 16:03:00;600
"PE-00958";"PE-00911";2020-06-10 16:06:00;540
"PE-00901";"PE-00894";2020-06-10 16:07:00;360
"PA-00480";"PE-00894";2020-06-10 16:07:00;390
"PE-00911";"PE-00894";2020-06-10 16:07:00;900
"PA-00484";"PE-00894";2020-06-10 16:07:00;510
"PE-00967";"PE-00958";2020-06-10 16:07:30;90
"PE-00965";"PE-00894";2020-06-10 16:09:30;300
"PE-00963";"PE-00918";2020-06-10 16:10:00;1020
"PE-00911";"PA-00484";2020-06-10 16:10:30;180
"PE-00894";"PE-00898";2020-06-10 16:11:00;570
"PE-00918";"PE-00894";2020-06-10 16:15:30;870
"PE-00894";"PE-00963";2020-06-10 16:18:30;570
"PE-00894";"PA-00480";2020-06-10 16:18:30;1770
"PE-00959";"PE-00958";2020-06-10 16:18:30;480
"PE-00968";"PE-00957";2020-06-10 16:18:30;390
"PE-00894";"PE-00916";2020-06-10 16:19:00;210
"PE-00957";"PE-00921";2020-06-10 16:19:00;660
"PE-00901";"PE-00955";2020-06-10 16:19:30;210
"PE-00965";"PA-00479";2020-06-10 16:21:30;960
"PA-00479";"PE-00962";2020-06-10 16:23:30;480
"PE-00958";"PE-00894";2020-06-10 16:23:30;360
"PE-00916";"PE-00898";2020-06-10 16:24:00;60
"PE-00967";"PE-00911";2020-06-10 16:24:30;240
"PE-00916";"PE-00894";2020-06-10 16:25:00;240
"PE-00920";"PE-00918";2020-06-10 16:26:00;480
"PE-00957";"PE-00920";2020-06-10 16:27:00;540
"PA-00479";"PE-00958";2020-06-10 16:30:30;630
"PE-00894";"PE-00956";2020-06-10 16:31:00;1230
"PE-00956";"PE-00920";2020-06-10 16:32:30;390
"PA-00481";"PE-00901";2020-06-10 16:33:30;1050
"PA-00486";"PE-00916";2020-06-10 16:34:00;330
"PE-00960";"PE-00894";2020-06-10 16:34:30;330
"PE-00968";"PA-00489";2020-06-10 16:35:30;60
"PE-00962";"PE-00956";2020-06-10 16:37:30;780
"PE-00918";"PE-00957";2020-06-10 16:38:00;600
"PE-00967";"PA-00479";2020-06-10 16:39:30;510
"PE-00968";"PE-00916";2020-06-10 16:40:00;180
"PE-00956";"PE-00918";2020-06-10 16:40:30;450
"PE-00958";"PE-00967";2020-06-10 16:42:00;360
"PA-00479";"PE-00916";2020-06-10 16:42:30;30
"PA-00489";"PE-00894";2020-06-10 16:42:30;630
"PE-00965";"PE-00963";2020-06-10 16:43:30;240
"PE-00898";"PE-00901";2020-06-10 16:44:30;300
"PE-00921";"PE-00918";2020-06-10 16:44:30;210
"PE-00954";"PE-00918";2020-06-10 16:44:30;210
"PE-00955";"PA-00486";2020-06-10 16:46:00;90
"PA-00488";"PE-00960";2020-06-10 16:50:30;210
"PE-00956";"PE-00921";2020-06-10 16:51:00;360
"PE-00960";"PE-00962";2020-06-10 16:51:30;150
"PE-00911";"PE-00901";2020-06-10 17:00:30;150
